dataset,variant,hardware,test_auc_mean,test_auc_std,test_mcc_mean,delta_vs_full,welch_p
BBBP,full,GPU,0.6396127181448721,0.01195284484445961,0.12126221961176564,0.0,
BBBP,no_gcn,GPU,0.6667463542911787,0.019294240094163875,0.13144996831264993,0.027133636146306594,0.033292420141165534
BBBP,no_gat,CPU,0.655510399234999,0.01677150014954541,0.1547448822062265,0.015897681090126903,0.1266177767320716
BBBP,uniform_attn,CPU,0.6358116184556538,0.012882084338161412,0.08952266615059223,-0.003801099689218268,0.6416568054393263
BBBP,no_fp,GPU,0.6946449916327995,0.012461288439218973,0.18748996304881732,0.055032273487927386,0.00010020399962656307
BACE,full,GPU,0.7937728937728938,0.019145546380876063,0.4769807082857545,0.0,
BACE,no_gcn,GPU,0.7742857142857144,0.0389711141203418,0.4010494657378335,-0.019487179487179485,0.3554436718040941
BACE,no_gat,CPU,0.7865934065934067,0.02552774558246257,0.4619960742883854,-0.007179487179487132,0.6294832943325832
BACE,uniform_attn,CPU,0.7842490842490843,0.0217540480165586,0.46080633537680543,-0.00952380952380949,0.4837305840935273
BACE,no_fp,GPU,0.8110989010989013,0.014306010753278964,0.5280004002541627,0.01732600732600742,0.1467011909908293
