epoch,train_loss,train_auc,valid_auc,valid_pr_auc
1,105.2846987247467,0.48226690336523614,0.6641112497771439,0.6303442075951079
2,104.7822870016098,0.49223470647907197,0.6701729363522909,0.6285790636047598
3,104.81595075130463,0.5279738014378336,0.6945979675521483,0.6734423821394295
4,104.6499735713005,0.5273811361531338,0.6505615974326975,0.6227777759781077
5,104.70992374420166,0.5395693666475543,0.6594758423961491,0.629082556185557
6,103.14228028059006,0.5703700436642702,0.6972722410411838,0.6600521973721002
7,95.86376717686653,0.692004256163719,0.765733642360492,0.7387661144289503
8,89.26853826642036,0.7483377806201208,0.7919415225530397,0.7537614986685378
9,84.24583353102207,0.7844958761522516,0.8233196648243893,0.7905706542154896
10,82.74655473232269,0.7937910730825211,0.8170796933499732,0.7995078429081918
11,80.80414295569062,0.8062839059674504,0.8475664111249777,0.7874404767120239
12,80.32517164945602,0.8045472588541438,0.8281333571046532,0.7693804647247037
13,81.00617218017578,0.8047484893926697,0.8258156534141559,0.7713508446269967
14,75.75975043326616,0.834268733736162,0.8169014084507042,0.7487104767311729
15,76.21829082071781,0.8284165086225908,0.8270636477090391,0.754430289093472
16,75.51361666247249,0.8289926344109735,0.8245676591192725,0.7519839751653302
17,73.03047147393227,0.8428444625766329,0.8502406846140133,0.7933692806452444
18,71.09518083930016,0.8520569620253164,0.8520235336067035,0.8007089335943474
19,68.34713517129421,0.8654291447977771,0.8329470493849171,0.7476858942563382
20,74.12337943166494,0.8538184183830988,0.8529149581030486,0.7867519973859691
21,71.24863204360008,0.8578871344771314,0.8552326617935461,0.8102861022763317
22,68.9170000590384,0.8610902835972302,0.8628989124621145,0.8073400118318701
23,69.25716066360474,0.862493384201473,0.8441789980388661,0.7551787887985134
24,67.69542058557272,0.8697046045957747,0.8413264396505615,0.7599516933382764
25,68.25048594176769,0.8701814934062542,0.8511321091103583,0.7874775383559389
26,67.87293453514576,0.8667330084241168,0.8422178641469067,0.7679430476538082
27,67.99699295312166,0.8694730516473339,0.8668211802460332,0.8178839116847644
28,65.86628452688456,0.8758958893838487,0.8694954537350685,0.8066910632353277
29,66.86273901164532,0.8713723371410929,0.8448921376359422,0.7747408485829248
30,65.56449332181364,0.8783905967450272,0.8666428953467642,0.7844718024742574
31,66.8779893219471,0.8746168350019847,0.8386521661615262,0.7728126622090199
32,65.33144521899521,0.8744790058660081,0.8605812087716171,0.8054549661221031
33,68.47533792257309,0.8671906011555593,0.8659297557496881,0.8006859460083029
34,62.88159319758415,0.8858333700877696,0.8580852201818506,0.7961837662648416
35,62.77255541831255,0.8894748158602744,0.8409698698520235,0.7576485668954203
36,63.564022585749626,0.8843613549155382,0.8675343198431094,0.7973942867806176
37,63.70903354138136,0.8851056322498124,0.8361561775717596,0.7239606584504296
38,63.34103102982044,0.8855880342257311,0.8541629523979319,0.808511698582115
39,63.71140747517347,0.8881847351475323,0.8450704225352113,0.7741887683314941
40,62.589996457099915,0.889364552551493,0.8586200748796577,0.8006580052395282
41,64.21134442836046,0.8816791999294314,0.8448921376359423,0.7809143687047425
42,60.49854505062103,0.8969782340228465,0.8520235336067035,0.7800550635790657
43,62.156701393425465,0.890773166321175,0.8507755393118203,0.7674667961994583
44,61.27487078681588,0.8903541657478058,0.8771617044036369,0.8176036024469278
45,61.005510717630386,0.8948115600052926,0.8678908896416474,0.8157446267141414
46,61.32798659056425,0.891387884267631,0.8566589409876983,0.7783251514778556
47,61.98449740931392,0.892424359370176,0.8702085933321447,0.804831661944998
48,58.48445411771536,0.9041536188417941,0.8529149581030486,0.7904209367084352
49,57.81853491067886,0.9047104485511401,0.8580852201818506,0.7890903781267595
50,56.83412816375494,0.906788911921669,0.8607594936708861,0.8066748975243451
51,58.68335073068738,0.9025217218718301,0.8566589409876983,0.7762017009927775
52,57.796537429094315,0.9053417059939135,0.8766268497058298,0.8173041911899281
53,57.76078113913536,0.9068826357341332,0.8577286503833126,0.8096142439718736
54,57.04967997223139,0.9065380628941915,0.8653949010518809,0.806646048221688
55,56.94307800382376,0.90595366735765,0.8703868782314138,0.82090515930544
56,56.844905868172646,0.9091292506505535,0.8461401319308255,0.7819990122886101
57,57.74173931032419,0.9069267410576456,0.8702085933321447,0.8219517678200661
58,55.405259324237704,0.9151358443964187,0.8561240862898912,0.8041367834593154
59,56.25177770317532,0.9101519428395006,0.8637903369584596,0.7998801529006373
60,57.12299361079931,0.9085503682794512,0.8584417899803887,0.8101923948645211
61,56.00518649071455,0.9120539849159793,0.8743091460153325,0.8326487140020937
62,54.89970913529396,0.9139284611652625,0.8529149581030486,0.8043198141614898
63,55.17338974773884,0.9134543289375026,0.8441789980388661,0.771807982256557
64,56.348329931497574,0.9098376924094739,0.8564806560884293,0.7929542249900496
65,55.0908385142684,0.9132310457372207,0.8650383312533427,0.8328872544486623
66,55.000620417296886,0.9156678648612888,0.8744874309146016,0.8277955077609032
67,55.83505768328905,0.9114034313941693,0.866821180246033,0.8213760836673428
68,53.693429321050644,0.9195022714241607,0.8397218755571404,0.8089735645881431
69,54.480021350085735,0.9143226524941561,0.8794794080941344,0.8421226294012953
70,54.03886288404465,0.9177821638071715,0.8686040292387235,0.8464396643193322
71,51.71595291048288,0.9229314603272616,0.8816188268853629,0.843247415342836
72,56.18312983214855,0.9128340978256075,0.8509538242110892,0.8126335679282342
73,55.662997998297215,0.9132282891545009,0.8687823141379925,0.8160331277373146
74,53.12525529041886,0.9184465002425793,0.8689605990372615,0.8082911637419281
75,52.41251564025879,0.9245357914700304,0.8668211802460332,0.8265533452485516
76,53.40035277232528,0.9227522824504917,0.8632554822606525,0.8219813882242013
77,52.52694693207741,0.9208529969567327,0.8623640577643074,0.8317384972127249
78,51.84579622372985,0.921649649362678,0.8682474594401853,0.8120776195381582
79,50.56384861841798,0.9301344109734045,0.8643251916562666,0.829221862265598
80,52.11829695850611,0.9198937061703347,0.849349260117668,0.814219551872825
81,51.83260140568018,0.9280449212719976,0.859868069174541,0.8046100769633913
82,51.107696149498224,0.9263771887266793,0.8666428953467641,0.8195862662730256
83,52.900069676339626,0.9248086931592644,0.8616509181672313,0.8179471984938039
84,49.287669222801924,0.9296685484938033,0.8447138527366732,0.7946361823318606
85,49.68418216332793,0.9318958673311869,0.8730611517204493,0.8310013168819828
86,48.99493410438299,0.9299938252547082,0.8539846674986629,0.8128895427136673
87,48.466159299016,0.9317442552816124,0.8648600463540739,0.8321742677795672
88,49.76753994022147,0.9309641423719843,0.8628989124621145,0.8163400943893764
89,48.0742998366768,0.9335525735456268,0.8680691745409164,0.8324719047670118
90,51.49940547347069,0.9223773872006351,0.870743448029952,0.8391386514878677
91,47.65666837990284,0.9382249812552375,0.8707434480299518,0.8461816278301348
92,48.15688155218959,0.9345862920654523,0.8425744339454448,0.8057914096659838
93,46.83539140224457,0.9391263838045252,0.8678908896416473,0.841689490586774
94,49.403282932937145,0.9310826754289243,0.8505972544125512,0.8191774862597959
95,45.730689162097406,0.9382194680897984,0.8723480121233732,0.8564153791230247
96,47.523390989750624,0.9343299298725355,0.866286325548226,0.8334943451838264
97,51.839864898473024,0.9296961143209985,0.8668211802460332,0.8289991185585299
98,45.89585821330547,0.9409898337229304,0.8764485648065609,0.8377000405978062
99,47.718400336802006,0.9355896881753627,0.8522018185059725,0.8248012316213933
100,44.011832904070616,0.9439007850747585,0.8607594936708861,0.8192863890911133
101,44.6045260950923,0.9425886517002602,0.8559458013906222,0.8098490034047199
102,45.69467725418508,0.9397714241608961,0.8390087359600641,0.8087290744096165
103,47.088176034390926,0.9415714726767521,0.8623640577643074,0.8279758738607579
104,46.415805637836456,0.9365724099148767,0.8691388839365305,0.8493388788258182
105,45.76086051762104,0.9416651964892162,0.8673560349438403,0.8411845427044438
106,45.66233170777559,0.940879570414149,0.8502406846140133,0.8024118007268942
107,45.2714849299191,0.9393276143430511,0.8746657158138705,0.8431651879501454
108,43.85087506659329,0.9478592378600097,0.8612943483686931,0.8173053069918977
109,43.60101571679115,0.9465471044855114,0.8438224282403282,0.8103444961415839
110,44.4076758697629,0.9470708552022229,0.8604029238723481,0.8318408477581463
111,44.122338950634,0.9438952719093194,0.8596897842752719,0.8263442104364003
112,43.83049518801272,0.9441599038503948,0.8580852201818506,0.8237504679474357
113,43.26172490417957,0.946070215675032,0.8336601889819932,0.7951664570550644
114,43.871514435857534,0.9434707581705112,0.8423961490461758,0.7773717020679711
115,42.4645978808403,0.9490087328540556,0.8735960064182564,0.7995900551463693
116,42.88475876295888,0.9484243373175142,0.8669994651453022,0.8352857184684889
117,44.97580187197309,0.9418609138623032,0.8525583883045105,0.8136821956700518
118,45.52680244296789,0.9407500110263309,0.8456052772330184,0.7866783011354128
119,43.848035626579076,0.9429718166982755,0.8448921376359422,0.8001338993221129
120,43.78845062851906,0.9459434128699336,0.8545195221964701,0.8017435625648925
121,42.78715382888913,0.9454610108940149,0.8570155107862364,0.8230158462817462
122,44.39445652998984,0.9494745953336567,0.8516669638081654,0.812332914024591
123,45.132129997015,0.942051118069951,0.86557318595115,0.8242026677425668
124,41.6292551308793,0.9523276584483747,0.876983419504368,0.8397181582624313
125,40.76782904937863,0.9517790984871873,0.8648600463540739,0.8222267060246681
126,43.905582420527935,0.9447994310413267,0.8748440007131396,0.8342738190276013
127,39.88260052911937,0.9534275349534688,0.8500623997147442,0.8129895468800954
128,40.76784354262054,0.9516192166894544,0.854876091995008,0.8131654851878097
129,40.32246729679173,0.952107131830812,0.8557675164913531,0.8132276669128209
130,41.47239906345203,0.9507150575574472,0.8721697272241041,0.839485261714539
131,40.73310090228915,0.9522918228730208,0.865929755749688,0.8288597896694904
132,42.48156123235822,0.951065143562828,0.8514886789088963,0.8194070072555488
133,39.99042727862252,0.9521402108234464,0.8684257443394545,0.8334995611956632
134,42.19530756212771,0.9489094958761523,0.8473881262257087,0.8039060542716497
135,39.32352381432429,0.955166938649495,0.8634337671599216,0.8225271648747765
136,39.51595975831151,0.9543399638336347,0.8691388839365306,0.8369796878042612
137,40.52898948825896,0.9539071803466678,0.8482795507220539,0.8008849068906416
138,39.88859542924911,0.9546183786883077,0.85451952219647,0.7933322021943946
139,39.89534603606444,0.951977572442994,0.8275985024068461,0.7618128368530945
140,42.26287272386253,0.949047325012129,0.8450704225352113,0.8040404280916291
