epoch,train_loss,valid_auc
1,0.6830289819893313,0.5441919191919191
2,0.6769075024413904,0.5497835497835497
3,0.662119767161023,0.597943722943723
4,0.6287788902559588,0.6185064935064934
5,0.6211626974386653,0.5981240981240981
6,0.6058559207210272,0.6033549783549783
7,0.5844774632980451,0.6138167388167388
8,0.5666681422587758,0.6277056277056277
9,0.558575529860898,0.6313131313131313
10,0.5444448106391455,0.6271645021645021
11,0.5489302150368986,0.6354617604617605
12,0.5361565689689567,0.6403318903318903
13,0.5090251374925041,0.6426767676767676
14,0.5264298312174969,0.648989898989899
15,0.5050103023488034,0.6453823953823954
16,0.5135262956838158,0.6417748917748918
17,0.4928146179694593,0.6405122655122656
18,0.5005791724664895,0.6504329004329005
19,0.4863925943007836,0.6397907647907648
20,0.48221072266178744,0.6424963924963925
21,0.4764748530707347,0.6388888888888888
22,0.4945907915200548,0.6388888888888888
23,0.48590647281941746,0.6453823953823954
24,0.4755446573887313,0.6441197691197691
25,0.4671567706059976,0.6444805194805195
26,0.4664778506785409,0.6470057720057719
27,0.45633980875867175,0.6475468975468975
28,0.45748649943062253,0.6453823953823954
29,0.45523877443115607,0.6507936507936508
30,0.447322758689609,0.6547619047619048
31,0.4669276457172075,0.6482683982683983
32,0.442415783408262,0.6574675324675325
33,0.444578498256808,0.6601731601731601
34,0.4457729705805814,0.6585497835497836
35,0.4335596054866355,0.6587301587301587
36,0.4317855282299177,0.6592712842712841
37,0.4511465524670701,0.65007215007215
38,0.4353828294845136,0.654040404040404
39,0.4473668715991295,0.6553030303030303
40,0.4322819986108712,0.6572871572871573
41,0.42874886631669834,0.6515151515151515
42,0.4096223999884032,0.6553030303030304
43,0.41208791703207615,0.6592712842712842
44,0.42102650515396206,0.6652236652236652
45,0.4254599622303637,0.6576479076479076
46,0.42692924568828616,0.6610750360750361
47,0.41316577378041097,0.6663059163059163
48,0.41349328057247314,0.6735209235209235
49,0.413261069947772,0.6572871572871573
50,0.4226271269536393,0.6731601731601732
51,0.4179512247554126,0.6682900432900432
52,0.40374193093419763,0.6702741702741704
53,0.41014026900379,0.6684704184704184
54,0.4170495373242349,0.674062049062049
55,0.39746524338095124,0.6722582972582972
56,0.4088741177562054,0.6747835497835497
57,0.4065409126954201,0.6751443001443002
58,0.4005234129079814,0.6722582972582972
59,0.40038085057776857,0.6708152958152959
60,0.39813030692937457,0.6699134199134199
61,0.40724846799576747,0.674062049062049
62,0.3901141741558774,0.6776695526695525
63,0.39729063231359346,0.6778499278499279
64,0.39581150072877125,0.6774891774891775
65,0.3890505670958851,0.6735209235209235
66,0.3922108670618043,0.6801948051948052
67,0.3871583244258752,0.6810966810966812
68,0.3985280733004003,0.6787518037518038
69,0.4104877860463287,0.6792929292929293
70,0.39291954092293163,0.6774891774891776
71,0.3896156717322896,0.670995670995671
72,0.37923723104278145,0.6908369408369409
73,0.375725675358863,0.6783910533910533
74,0.39339097900465564,0.6852453102453102
75,0.386217954412189,0.6888528138528138
76,0.3736356114976361,0.6906565656565656
77,0.3727169538007678,0.6814574314574315
78,0.3771865418176201,0.6767676767676768
79,0.37581820501287283,0.6809163059163059
80,0.38653771812211785,0.6814574314574315
81,0.3726857679505502,0.6890331890331891
82,0.3816597179206962,0.6848845598845599
83,0.37707043118078515,0.6706349206349207
84,0.37106112190472185,0.6829004329004329
85,0.36291606562802176,0.6827200577200578
86,0.35893801510383316,0.6829004329004329
87,0.37213345896221567,0.6877705627705628
88,0.3730406332252635,0.6868686868686869
89,0.3689102512238142,0.6958874458874458
90,0.3506686098818152,0.6872294372294372
91,0.36064783778932097,0.6926406926406927
92,0.36735331600514987,0.6861471861471861
93,0.37455826152248556,0.6892135642135642
94,0.35838849008132645,0.6964285714285714
95,0.37177966440187393,0.698051948051948
96,0.3584975777725428,0.696969696969697
97,0.37255475785339837,0.6874098124098125
98,0.3592236046952783,0.6962481962481962
99,0.3536522970700481,0.698953823953824
100,0.3576456040168617,0.6883116883116882
101,0.363814674743056,0.6942640692640693
102,0.35759186500651075,0.6994949494949495
103,0.3609231846504117,0.6917388167388168
104,0.348428369554436,0.6848845598845599
105,0.35703387918109436,0.6917388167388168
106,0.3522322975327103,0.6944444444444444
107,0.3471527740519534,0.6964285714285714
108,0.35547107675038064,0.696969696969697
109,0.35242684364220245,0.700937950937951
110,0.3533425875889358,0.6946248196248196
111,0.3523690275311766,0.699134199134199
112,0.3568935545147501,0.6966089466089466
113,0.35857454484607487,0.6944444444444444
114,0.3552611776133822,0.6942640692640693
115,0.3492151113262445,0.6978715728715729
116,0.3520653716683684,0.6975108225108225
117,0.33997221208486406,0.704004329004329
118,0.3443461268080277,0.6975108225108225
119,0.3416938219216365,0.6948051948051949
120,0.3337895782946357,0.7005772005772006
121,0.3359607638555484,0.7011183261183261
122,0.3437286657770376,0.7018398268398269
123,0.33512424079222164,0.6998556998556998
124,0.33634899673726165,0.6926406926406926
125,0.34896925237180776,0.6976911976911977
126,0.327791035964136,0.7036435786435786
127,0.32919345157663127,0.7003968253968255
128,0.3371180643761227,0.6886724386724387
129,0.3292187994378376,0.685064935064935
130,0.33529831906603424,0.6957070707070707
131,0.33555486761310854,0.7027417027417028
132,0.3296919494152464,0.7016594516594516
133,0.36110732783898525,0.6958874458874459
134,0.3301378447127993,0.7032828282828283
135,0.33716764259772225,0.702922077922078
136,0.32881549886921596,0.6937229437229437
137,0.32075465016369,0.7000360750360751
138,0.35248931865242517,0.7059884559884559
139,0.3317267033829977,0.7092352092352093
140,0.32777020879971086,0.6924603174603174
