smiles,logit_class0,logit_class1,sigmoid_class0,sigmoid_class1
Nc1nc(NC2CC2)c3ncn([C@@H]4C[C@H](CO)C=C4)c3n1,-45.000492,32.124477,2.86111e-20,1.0
c1(c(cc2n(ncc2c1)CCN)Cl)Cl,-28.580717,20.380434,3.8685862e-13,1.0
c1c2CCOc2c(cc1OC)CN[C@@H]1CCCN[C@H]1c1ccccc1,-57.249363,40.88531,1.3706217e-25,1.0
CC(C)N1CCC(CC1)N(C(=O)Cc2ccccc2)c3ccc(Cl)cc3,-59.328995,42.372734,1.7129512e-26,1.0
n1(c(c2nc[nH]c2n(c1=O)C)=O)C,-26.53001,18.913424,3.0072043e-12,1.0
c1(nccc(c1)c1nc([nH]n1)N)N(C)C,-32.659023,23.29744,6.551887e-15,1.0
CN(C)Cc1oc(cc1)CSCCNC=1NC=C(CN1)Cc1cnc(cc1)C,-63.461216,45.32825,2.748806e-28,1.0
OC(=O)C1=CC(=O)c2ccccc2N1,-26.541374,18.921555,2.9732239e-12,1.0
CNC1(CCCCC1=O)c2ccccc2Cl,-37.789997,26.967283,3.8726906e-17,1.0
CN(C1CCCC[C@H]1N2CCCC2)C(=O)Cc3ccc(Cl)c(Cl)c3,-56.244114,40.16632,3.7453435e-25,1.0
CN1C(=C(\O)Nc2ccccn2)/C(=O)c3sccc3[S]1(=O)=O,-38.837227,27.716291,1.35896e-17,1.0
[NH]C(CC(C)C([N@@](C(C)(C)C)C(N)(C)N)(C)C)c1c(c(c[nH+][o+]1)C)[O-],-66.58828,47.564823,1.2052511e-29,1.0
Cc1nccc2c1[nH]c3ccccc23,-29.611626,21.117844,1.3798579e-13,1.0
CC1=C2NC3=CC(=O)C=CC3=C2C=CN1,-30.64369,21.856014,4.9160295e-14,1.0
COc1cc2CCN(C)C3CC4(C=CC(=O)C=C4)c(c1O)c23,-47.022217,33.57049,3.7888786e-21,1.0
CCC1(C)CC(=O)NC1=O,-26.553968,18.930563,2.9360134e-12,1.0
c1cc2c(C(N[C@@H](CC)c3ccccc3)=O)c(c(nc2cc1)c1ccccc1)Cn1cncc1,-66.4937,47.49718,1.3248108e-29,1.0
c1cc2c(c(c(c3ccccc3)nc2cc1)OCCNC([C@@H]1CCCN1)=O)C(=O)N[C@@H](CC)c1ccccc1,-79.808174,57.020157,2.1865044e-35,1.0
c1cc2c(c(OCCNC(Cc3ncccc3)=O)c(c3ccccc3)nc2cc1)C(N[C@@H](CC)c1ccccc1)=O,-79.798134,57.01299,2.208568e-35,1.0
c1ccc2c(c(C(N[C@@H](CC)c3ccccc3)=O)c(OCCNC(Cc3c(cccc3)C(=O)O)=O)c(c3ccccc3)n2)c1,-83.89458,59.942913,3.6732302e-37,1.0
