layer,grad_norm
embed_fingerprint.weight,1.9484411306613936e-10
W_fingerprint.0.weight,2.02285721506712e-09
W_fingerprint.0.bias,3.2642477609812204e-10
W_fingerprint.1.weight,2.8095621384949254e-09
W_fingerprint.1.bias,2.5602580056016677e-09
W_fingerprint.2.weight,4.8481014758294805e-09
W_fingerprint.2.bias,4.708526901708865e-09
W_fingerprint.3.weight,7.775612154148348e-09
W_fingerprint.3.bias,7.739498819603341e-09
W_output.0.weight,6.934199348052061e-08
W_output.0.bias,1.1738720218090748e-08
W_output.1.weight,4.567104738839589e-08
W_output.1.bias,8.675310247951984e-09
W_output.2.weight,4.089628902192999e-08
W_output.2.bias,5.603973285417396e-09
W_output.3.weight,4.752839188881808e-08
W_output.3.bias,4.219019800189017e-09
W_output.4.weight,4.9842068250427474e-08
W_output.4.bias,3.145713467489486e-09
W_output.5.weight,5.023049354235809e-08
W_output.5.bias,2.350559968888888e-09
W_output.6.weight,5.1674195589157534e-08
W_output.6.bias,1.7161971843648871e-09
W_output.7.weight,5.3904095409507136e-08
W_output.7.bias,1.348130718170637e-09
W_output.8.weight,6.151214648753012e-08
W_output.8.bias,1.1913728892309905e-09
W_output.9.weight,1.1456461379566463e-07
W_output.9.bias,1.6891205101288165e-09
W_property.weight,2.48006159608849e-07
W_property.bias,4.007541853923158e-09
attentions.attention_0.W,4.579976842222777e-09
attentions.attention_0.a,1.1308743941285115e-09
attentions.attention_1.W,4.996741687079975e-09
attentions.attention_1.a,1.0335858835475165e-09
attentions.out_att.W,8.727579547951336e-09
attentions.out_att.a,1.5209465686893964e-08
