epoch,train_loss,valid_loss,train_auc,valid_auc,valid_acc,valid_precision,valid_recall,valid_f1,valid_mcc,lr,epoch_time
1,107.76001521945,19.45683389902115,0.5300469778200141,0.2956989247311828,0.5181347150259067,0.5181347150259067,1.0,0.6825938566552902,0.0,0.0003,3.295435667037964
2,93.3501108288765,19.456552267074585,0.431108162545648,0.37241935483870964,0.5181347150259067,0.5181347150259067,1.0,0.6825938566552902,0.0,0.0003,2.990990400314331
3,93.3395289182663,19.456545501947403,0.474368399347331,0.44,0.5181347150259067,0.5181347150259067,1.0,0.6825938566552902,0.0,0.0003,3.0688982009887695
4,93.33716380596161,19.456545144319534,0.48546735758727655,0.485,0.5181347150259067,0.5181347150259067,1.0,0.6825938566552902,0.0,0.0003,3.134127378463745
5,93.33662045001984,19.456545114517212,0.48200528351054617,0.5,0.5181347150259067,0.5181347150259067,1.0,0.6825938566552902,0.0,0.0003,3.4454617500305176
6,93.3363294005394,19.456545114517212,0.4818603455798414,0.5,0.5181347150259067,0.5181347150259067,1.0,0.6825938566552902,0.0,0.0003,2.975229501724243
7,93.33618551492691,19.456545114517212,0.484579799537394,0.5,0.5181347150259067,0.5181347150259067,1.0,0.6825938566552902,0.0,0.0003,2.985175609588623
8,93.54444921016693,19.456545114517212,0.48573631457208943,0.5,0.5181347150259067,0.5181347150259067,1.0,0.6825938566552902,0.0,0.0003,2.998511791229248
9,93.3360955119133,19.456545114517212,0.48766383962991516,0.5,0.5181347150259067,0.5181347150259067,1.0,0.6825938566552902,0.0,0.0003,3.442270040512085
10,93.3360655605793,19.456545114517212,0.4907478797224364,0.5,0.5181347150259067,0.5181347150259067,1.0,0.6825938566552902,0.0,0.0003,3.1648080348968506
11,93.33605656027794,19.456545114517212,0.4907478797224364,0.5,0.5181347150259067,0.5181347150259067,1.0,0.6825938566552902,0.0,0.0003,3.0040907859802246
12,93.3360541164875,19.456545114517212,0.4926754047802621,0.5,0.5181347150259067,0.5181347150259067,1.0,0.6825938566552902,0.0,0.0003,3.0099737644195557
13,93.54438295960426,19.456545114517212,0.4915188897455667,0.5,0.5181347150259067,0.5181347150259067,1.0,0.6825938566552902,0.0,0.0003,3.2895233631134033
14,93.33604869246483,19.456545114517212,0.49498843484965305,0.5,0.5181347150259067,0.5181347150259067,1.0,0.6825938566552902,0.0,0.0003,3.298703670501709
15,93.544379144907,19.456545114517212,0.4961449498843485,0.5,0.5181347150259067,0.5181347150259067,1.0,0.6825938566552902,0.0,0.0003,3.0054280757904053
16,93.33604541420937,19.456545114517212,0.49575944487278334,0.5,0.5181347150259067,0.5181347150259067,1.0,0.6825938566552902,0.0,0.0003,3.0509541034698486
17,93.33604258298874,19.456545114517212,0.49653045489591363,0.5,0.5181347150259067,0.5181347150259067,1.0,0.6825938566552902,0.0,0.0003,3.0921339988708496
18,93.54437637329102,19.456545114517212,0.49575944487278334,0.5,0.5181347150259067,0.5181347150259067,1.0,0.6825938566552902,0.0,0.0003,3.505509376525879
19,93.54437708854675,19.456545114517212,0.4969159599074788,0.5,0.5181347150259067,0.5181347150259067,1.0,0.6825938566552902,0.0,0.0003,3.0387215614318848
20,93.54437553882599,19.456545114517212,0.4969159599074788,0.5,0.5181347150259067,0.5181347150259067,1.0,0.6825938566552902,0.0,0.0003,2.998120069503784
21,93.75270956754684,19.456545114517212,0.4973014649190439,0.5,0.5181347150259067,0.5181347150259067,1.0,0.6825938566552902,0.0,0.0003,2.988107919692993
22,93.33604282140732,19.456545114517212,0.4973014649190439,0.5,0.5181347150259067,0.5181347150259067,1.0,0.6825938566552902,0.0,0.0003,3.420088052749634
23,93.75270891189575,19.456545114517212,0.4973014649190439,0.5,0.5181347150259067,0.5181347150259067,1.0,0.6825938566552902,0.0,0.0003,3.2562854290008545
24,93.54437556862831,19.456545114517212,0.4976869699306091,0.5,0.5181347150259067,0.5181347150259067,1.0,0.6825938566552902,0.0,0.0003,3.102975368499756
25,93.33604201674461,19.456545114517212,0.4973014649190439,0.5,0.5181347150259067,0.5181347150259067,1.0,0.6825938566552902,0.0,0.00025499999999999996,2.9849259853363037
26,93.54437518119812,19.456545114517212,0.49807247494217427,0.5,0.5181347150259067,0.5181347150259067,1.0,0.6825938566552902,0.0,0.00025499999999999996,3.149109363555908
27,93.33604195713997,19.456545114517212,0.4973014649190439,0.5,0.5181347150259067,0.5181347150259067,1.0,0.6825938566552902,0.0,0.00025499999999999996,3.328430652618408
28,93.33604130148888,19.456545114517212,0.49807247494217427,0.5,0.5181347150259067,0.5181347150259067,1.0,0.6825938566552902,0.0,0.00025499999999999996,3.0033962726593018
29,93.33604124188423,19.456545114517212,0.4976869699306091,0.5,0.5181347150259067,0.5181347150259067,1.0,0.6825938566552902,0.0,0.00025499999999999996,3.078127384185791
30,93.33604174852371,19.456545114517212,0.4973014649190439,0.5,0.5181347150259067,0.5181347150259067,1.0,0.6825938566552902,0.0,0.00025499999999999996,3.0615909099578857
31,93.336041867733,19.456545114517212,0.49884348496530456,0.5,0.5181347150259067,0.5181347150259067,1.0,0.6825938566552902,0.0,0.00025499999999999996,3.4998180866241455
32,93.33604148030281,19.456545114517212,0.49807247494217427,0.5,0.5181347150259067,0.5181347150259067,1.0,0.6825938566552902,0.0,0.00025499999999999996,3.0179383754730225
33,93.5443747639656,19.456545114517212,0.4984579799537394,0.5,0.5181347150259067,0.5181347150259067,1.0,0.6825938566552902,0.0,0.00025499999999999996,3.0056042671203613
34,93.75270816683769,19.456545114517212,0.4984579799537394,0.5,0.5181347150259067,0.5181347150259067,1.0,0.6825938566552902,0.0,0.00025499999999999996,3.3597278594970703
35,93.5443748831749,19.456545114517212,0.4984579799537394,0.5,0.5181347150259067,0.5181347150259067,1.0,0.6825938566552902,0.0,0.00025499999999999996,3.395235300064087
36,93.54437533020973,19.456545114517212,0.4984579799537394,0.5,0.5181347150259067,0.5181347150259067,1.0,0.6825938566552902,0.0,0.00025499999999999996,3.2859861850738525
37,93.5443756878376,19.456545114517212,0.4976869699306091,0.5,0.5181347150259067,0.5181347150259067,1.0,0.6825938566552902,0.0,0.00025499999999999996,3.1409122943878174
38,93.54437536001205,19.456545114517212,0.4984579799537394,0.5,0.5181347150259067,0.5181347150259067,1.0,0.6825938566552902,0.0,0.00025499999999999996,3.0025522708892822
39,93.54437479376793,19.456545114517212,0.4992289899768697,0.5,0.5181347150259067,0.5181347150259067,1.0,0.6825938566552902,0.0,0.00025499999999999996,3.3909034729003906
40,93.75270810723305,19.456545114517212,0.4984579799537394,0.5,0.5181347150259067,0.5181347150259067,1.0,0.6825938566552902,0.0,0.00025499999999999996,3.3845996856689453
41,93.54437479376793,19.456545114517212,0.4992289899768697,0.5,0.5181347150259067,0.5181347150259067,1.0,0.6825938566552902,0.0,0.00025499999999999996,3.0785481929779053
42,93.54437550902367,19.456545114517212,0.4992289899768697,0.5,0.5181347150259067,0.5181347150259067,1.0,0.6825938566552902,0.0,0.00025499999999999996,3.0703256130218506
43,93.33604145050049,19.456545114517212,0.49884348496530456,0.5,0.5181347150259067,0.5181347150259067,1.0,0.6825938566552902,0.0,0.00025499999999999996,3.2541966438293457
44,93.54437485337257,19.456545114517212,0.49961449498843485,0.5,0.5181347150259067,0.5181347150259067,1.0,0.6825938566552902,0.0,0.00025499999999999996,3.534506320953369
45,93.75270852446556,19.456545114517212,0.4992289899768697,0.5,0.5181347150259067,0.5181347150259067,1.0,0.6825938566552902,0.0,0.00025499999999999996,3.0025124549865723
46,93.54437479376793,19.456545114517212,0.49961449498843485,0.5,0.5181347150259067,0.5181347150259067,1.0,0.6825938566552902,0.0,0.00025499999999999996,3.0286715030670166
47,93.54437464475632,19.456545114517212,0.49961449498843485,0.5,0.5181347150259067,0.5181347150259067,1.0,0.6825938566552902,0.0,0.00025499999999999996,3.0341944694519043
48,93.75270810723305,19.456545114517212,0.49961449498843485,0.5,0.5181347150259067,0.5181347150259067,1.0,0.6825938566552902,0.0,0.00025499999999999996,3.409975051879883
49,93.54437527060509,19.456545114517212,0.49961449498843485,0.5,0.5181347150259067,0.5181347150259067,1.0,0.6825938566552902,0.0,0.00025499999999999996,3.1414685249328613
50,93.3360415995121,19.456545114517212,0.49961449498843485,0.5,0.5181347150259067,0.5181347150259067,1.0,0.6825938566552902,0.0,0.00021674999999999996,3.0262670516967773
51,93.33604228496552,19.456545114517212,0.4992289899768697,0.5,0.5181347150259067,0.5181347150259067,1.0,0.6825938566552902,0.0,0.00021674999999999996,3.0239388942718506
52,93.5443747639656,19.456545114517212,0.49961449498843485,0.5,0.5181347150259067,0.5181347150259067,1.0,0.6825938566552902,0.0,0.00021674999999999996,3.243626594543457
53,93.33604183793068,19.456545114517212,0.49961449498843485,0.5,0.5181347150259067,0.5181347150259067,1.0,0.6825938566552902,0.0,0.00021674999999999996,3.326430320739746
54,93.75270873308182,19.456545114517212,0.49961449498843485,0.5,0.5181347150259067,0.5181347150259067,1.0,0.6825938566552902,0.0,0.00021674999999999996,3.03185772895813
55,93.33604162931442,19.456545114517212,0.49961449498843485,0.5,0.5181347150259067,0.5181347150259067,1.0,0.6825938566552902,0.0,0.00021674999999999996,3.045232057571411
56,93.54437446594238,19.456545114517212,0.49961449498843485,0.5,0.5181347150259067,0.5181347150259067,1.0,0.6825938566552902,0.0,0.00021674999999999996,3.0978662967681885
57,93.33604145050049,19.456545114517212,0.49961449498843485,0.5,0.5181347150259067,0.5181347150259067,1.0,0.6825938566552902,0.0,0.00021674999999999996,3.53682017326355
58,93.3360415995121,19.456545114517212,0.49961449498843485,0.5,0.5181347150259067,0.5181347150259067,1.0,0.6825938566552902,0.0,0.00021674999999999996,3.0324127674102783
59,93.33604100346565,19.456545114517212,0.49961449498843485,0.5,0.5181347150259067,0.5181347150259067,1.0,0.6825938566552902,0.0,0.00021674999999999996,3.034484624862671
60,93.33604180812836,19.456545114517212,0.5,0.5,0.5181347150259067,0.5181347150259067,1.0,0.6825938566552902,0.0,0.00021674999999999996,3.0250279903411865
61,93.54437452554703,19.456545114517212,0.49961449498843485,0.5,0.5181347150259067,0.5181347150259067,1.0,0.6825938566552902,0.0,0.00021674999999999996,3.4065380096435547
62,93.33604148030281,19.456545114517212,0.49961449498843485,0.5,0.5181347150259067,0.5181347150259067,1.0,0.6825938566552902,0.0,0.00021674999999999996,3.2343802452087402
63,93.54437512159348,19.456545114517212,0.49961449498843485,0.5,0.5181347150259067,0.5181347150259067,1.0,0.6825938566552902,0.0,0.00021674999999999996,2.9852020740509033
64,93.54437464475632,19.456545114517212,0.49961449498843485,0.5,0.5181347150259067,0.5181347150259067,1.0,0.6825938566552902,0.0,0.00021674999999999996,3.0005900859832764
65,93.54437500238419,19.456545114517212,0.49961449498843485,0.5,0.5181347150259067,0.5181347150259067,1.0,0.6825938566552902,0.0,0.00021674999999999996,3.1700167655944824
66,93.33604109287262,19.456545114517212,0.49961449498843485,0.5,0.5181347150259067,0.5181347150259067,1.0,0.6825938566552902,0.0,0.00021674999999999996,3.4314334392547607
67,93.3360413312912,19.456545114517212,0.49961449498843485,0.5,0.5181347150259067,0.5181347150259067,1.0,0.6825938566552902,0.0,0.00021674999999999996,3.0401322841644287
68,93.54437536001205,19.456545114517212,0.5,0.5,0.5181347150259067,0.5181347150259067,1.0,0.6825938566552902,0.0,0.00021674999999999996,2.999873399734497
69,93.33604192733765,19.456545114517212,0.5,0.5,0.5181347150259067,0.5181347150259067,1.0,0.6825938566552902,0.0,0.00021674999999999996,3.026860237121582
70,93.54437464475632,19.456545114517212,0.5,0.5,0.5181347150259067,0.5181347150259067,1.0,0.6825938566552902,0.0,0.00021674999999999996,3.538545608520508
71,93.75270828604698,19.456545114517212,0.49961449498843485,0.5,0.5181347150259067,0.5181347150259067,1.0,0.6825938566552902,0.0,0.00021674999999999996,3.0233402252197266
72,93.54437464475632,19.456545114517212,0.49961449498843485,0.5,0.5181347150259067,0.5181347150259067,1.0,0.6825938566552902,0.0,0.00021674999999999996,3.005587339401245
73,93.3360415995121,19.456545114517212,0.49961449498843485,0.5,0.5181347150259067,0.5181347150259067,1.0,0.6825938566552902,0.0,0.00021674999999999996,3.0028271675109863
74,93.75270801782608,19.456545114517212,0.49961449498843485,0.5,0.5181347150259067,0.5181347150259067,1.0,0.6825938566552902,0.0,0.00021674999999999996,3.345993995666504
75,93.33604109287262,19.456545114517212,0.49961449498843485,0.5,0.5181347150259067,0.5181347150259067,1.0,0.6825938566552902,0.0,0.00018423749999999994,3.255443572998047
76,93.54437500238419,19.456545114517212,0.49961449498843485,0.5,0.5181347150259067,0.5181347150259067,1.0,0.6825938566552902,0.0,0.00018423749999999994,3.0151524543762207
77,93.54437500238419,19.456545114517212,0.5,0.5,0.5181347150259067,0.5181347150259067,1.0,0.6825938566552902,0.0,0.00018423749999999994,3.015885591506958
78,93.33604180812836,19.456545114517212,0.49961449498843485,0.5,0.5181347150259067,0.5181347150259067,1.0,0.6825938566552902,0.0,0.00018423749999999994,3.1352548599243164
79,93.5443747639656,19.456545114517212,0.49961449498843485,0.5,0.5181347150259067,0.5181347150259067,1.0,0.6825938566552902,0.0,0.00018423749999999994,3.4182519912719727
80,93.33604168891907,19.456545114517212,0.49961449498843485,0.5,0.5181347150259067,0.5181347150259067,1.0,0.6825938566552902,0.0,0.00018423749999999994,3.017533302307129
81,93.5443751513958,19.456545114517212,0.49961449498843485,0.5,0.5181347150259067,0.5181347150259067,1.0,0.6825938566552902,0.0,0.00018423749999999994,3.0140860080718994
82,93.54437512159348,19.456545114517212,0.5,0.5,0.5181347150259067,0.5181347150259067,1.0,0.6825938566552902,0.0,0.00018423749999999994,2.985175848007202
83,93.54437440633774,19.456545114517212,0.5,0.5,0.5181347150259067,0.5181347150259067,1.0,0.6825938566552902,0.0,0.00018423749999999994,3.488194227218628
84,93.5443748831749,19.456545114517212,0.49961449498843485,0.5,0.5181347150259067,0.5181347150259067,1.0,0.6825938566552902,0.0,0.00018423749999999994,3.099843978881836
85,93.5443748831749,19.456545114517212,0.49961449498843485,0.5,0.5181347150259067,0.5181347150259067,1.0,0.6825938566552902,0.0,0.00018423749999999994,3.015538215637207
86,93.54437536001205,19.456545114517212,0.49961449498843485,0.5,0.5181347150259067,0.5181347150259067,1.0,0.6825938566552902,0.0,0.00018423749999999994,3.014961004257202
87,93.33604180812836,19.456545114517212,0.5,0.5,0.5181347150259067,0.5181347150259067,1.0,0.6825938566552902,0.0,0.00018423749999999994,3.319186210632324
88,93.54437512159348,19.456545114517212,0.49961449498843485,0.5,0.5181347150259067,0.5181347150259067,1.0,0.6825938566552902,0.0,0.00018423749999999994,3.3013694286346436
89,93.33604168891907,19.456545114517212,0.5,0.5,0.5181347150259067,0.5181347150259067,1.0,0.6825938566552902,0.0,0.00018423749999999994,2.9743964672088623
90,93.54437500238419,19.456545114517212,0.5,0.5,0.5181347150259067,0.5181347150259067,1.0,0.6825938566552902,0.0,0.00018423749999999994,3.009193181991577
91,93.33604145050049,19.456545114517212,0.49961449498843485,0.5,0.5181347150259067,0.5181347150259067,1.0,0.6825938566552902,0.0,0.00018423749999999994,3.0989878177642822
92,93.33604168891907,19.456545114517212,0.5,0.5,0.5181347150259067,0.5181347150259067,1.0,0.6825938566552902,0.0,0.00018423749999999994,3.4851207733154297
93,93.54437452554703,19.456545114517212,0.5,0.5,0.5181347150259067,0.5181347150259067,1.0,0.6825938566552902,0.0,0.00018423749999999994,3.0075228214263916
94,93.33604109287262,19.456545114517212,0.49961449498843485,0.5,0.5181347150259067,0.5181347150259067,1.0,0.6825938566552902,0.0,0.00018423749999999994,2.996851921081543
95,93.5443747639656,19.456545114517212,0.49961449498843485,0.5,0.5181347150259067,0.5181347150259067,1.0,0.6825938566552902,0.0,0.00018423749999999994,3.002002477645874
96,93.3360413312912,19.456545114517212,0.49961449498843485,0.5,0.5181347150259067,0.5181347150259067,1.0,0.6825938566552902,0.0,0.00018423749999999994,3.406148672103882
97,93.54437452554703,19.456545114517212,0.49961449498843485,0.5,0.5181347150259067,0.5181347150259067,1.0,0.6825938566552902,0.0,0.00018423749999999994,3.189568281173706
98,93.3360413312912,19.456545114517212,0.49961449498843485,0.5,0.5181347150259067,0.5181347150259067,1.0,0.6825938566552902,0.0,0.00018423749999999994,2.988208293914795
99,93.33604192733765,19.456545114517212,0.5,0.5,0.5181347150259067,0.5181347150259067,1.0,0.6825938566552902,0.0,0.00018423749999999994,3.0127477645874023
100,93.5443748831749,19.456545114517212,0.5,0.5,0.5181347150259067,0.5181347150259067,1.0,0.6825938566552902,0.0,0.00015660187499999995,3.211853265762329
101,93.33604156970978,19.456545114517212,0.5,0.5,0.5181347150259067,0.5181347150259067,1.0,0.6825938566552902,0.0,0.00015660187499999995,3.3916404247283936
102,93.5443747639656,19.456545114517212,0.5,0.5,0.5181347150259067,0.5181347150259067,1.0,0.6825938566552902,0.0,0.00015660187499999995,3.0124263763427734
103,93.33604168891907,19.456545114517212,0.49961449498843485,0.5,0.5181347150259067,0.5181347150259067,1.0,0.6825938566552902,0.0,0.00015660187499999995,3.046583652496338
104,93.54437512159348,19.456545114517212,0.5,0.5,0.5181347150259067,0.5181347150259067,1.0,0.6825938566552902,0.0,0.00015660187499999995,3.027928352355957
105,93.33604156970978,19.456545114517212,0.49961449498843485,0.5,0.5181347150259067,0.5181347150259067,1.0,0.6825938566552902,0.0,0.00015660187499999995,3.5551042556762695
106,93.33604156970978,19.456545114517212,0.49961449498843485,0.5,0.5181347150259067,0.5181347150259067,1.0,0.6825938566552902,0.0,0.00015660187499999995,3.0500881671905518
107,93.75270766019821,19.456545114517212,0.5,0.5,0.5181347150259067,0.5181347150259067,1.0,0.6825938566552902,0.0,0.00015660187499999995,3.0791239738464355
108,93.33604156970978,19.456545114517212,0.5,0.5,0.5181347150259067,0.5181347150259067,1.0,0.6825938566552902,0.0,0.00015660187499999995,2.9998085498809814
109,93.33604109287262,19.456545114517212,0.5,0.5,0.5181347150259067,0.5181347150259067,1.0,0.6825938566552902,0.0,0.00015660187499999995,3.3739049434661865
110,93.54437500238419,19.456545114517212,0.5,0.5,0.5181347150259067,0.5181347150259067,1.0,0.6825938566552902,0.0,0.00015660187499999995,3.2026288509368896
111,93.54437500238419,19.456545114517212,0.5,0.5,0.5181347150259067,0.5181347150259067,1.0,0.6825938566552902,0.0,0.00015660187499999995,2.978578805923462
112,93.54437524080276,19.456545114517212,0.49961449498843485,0.5,0.5181347150259067,0.5181347150259067,1.0,0.6825938566552902,0.0,0.00015660187499999995,3.0061562061309814
113,93.33604192733765,19.456545114517212,0.5,0.5,0.5181347150259067,0.5181347150259067,1.0,0.6825938566552902,0.0,0.00015660187499999995,3.1781082153320312
114,93.75270837545395,19.456545114517212,0.5,0.5,0.5181347150259067,0.5181347150259067,1.0,0.6825938566552902,0.0,0.00015660187499999995,3.428191900253296
115,93.33604276180267,19.456545114517212,0.5,0.5,0.5181347150259067,0.5181347150259067,1.0,0.6825938566552902,0.0,0.00015660187499999995,3.0468575954437256
116,93.54437464475632,19.456545114517212,0.5,0.5,0.5181347150259067,0.5181347150259067,1.0,0.6825938566552902,0.0,0.00015660187499999995,3.013777017593384
117,93.54437500238419,19.456545114517212,0.5,0.5,0.5181347150259067,0.5181347150259067,1.0,0.6825938566552902,0.0,0.00015660187499999995,3.0393035411834717
118,93.33604192733765,19.456545114517212,0.5,0.5,0.5181347150259067,0.5181347150259067,1.0,0.6825938566552902,0.0,0.00015660187499999995,3.5465123653411865
119,93.3360413312912,19.456545114517212,0.5,0.5,0.5181347150259067,0.5181347150259067,1.0,0.6825938566552902,0.0,0.00015660187499999995,3.164789915084839
120,93.54437452554703,19.456545114517212,0.5,0.5,0.5181347150259067,0.5181347150259067,1.0,0.6825938566552902,0.0,0.00015660187499999995,2.992370367050171
121,93.54437428712845,19.456545114517212,0.5,0.5,0.5181347150259067,0.5181347150259067,1.0,0.6825938566552902,0.0,0.00015660187499999995,3.014213800430298
122,93.54437536001205,19.456545114517212,0.5,0.5,0.5181347150259067,0.5181347150259067,1.0,0.6825938566552902,0.0,0.00015660187499999995,3.280592203140259
123,93.54437464475632,19.456545114517212,0.5,0.5,0.5181347150259067,0.5181347150259067,1.0,0.6825938566552902,0.0,0.00015660187499999995,3.3015553951263428
124,93.5443748831749,19.456545114517212,0.5,0.5,0.5181347150259067,0.5181347150259067,1.0,0.6825938566552902,0.0,0.00015660187499999995,3.007188081741333
125,93.33604192733765,19.456545114517212,0.5,0.5,0.5181347150259067,0.5181347150259067,1.0,0.6825938566552902,0.0,0.00013311159374999995,3.0259807109832764
126,93.33604192733765,19.456545114517212,0.5,0.5,0.5181347150259067,0.5181347150259067,1.0,0.6825938566552902,0.0,0.00013311159374999995,3.148820400238037
127,93.5443748831749,19.456545114517212,0.5,0.5,0.5181347150259067,0.5181347150259067,1.0,0.6825938566552902,0.0,0.00013311159374999995,3.5040035247802734
128,93.54437547922134,19.456545114517212,0.5,0.5,0.5181347150259067,0.5181347150259067,1.0,0.6825938566552902,0.0,0.00013311159374999995,3.028140068054199
129,93.33604121208191,19.456545114517212,0.5,0.5,0.5181347150259067,0.5181347150259067,1.0,0.6825938566552902,0.0,0.00013311159374999995,3.0247530937194824
130,93.33604121208191,19.456545114517212,0.5,0.5,0.5181347150259067,0.5181347150259067,1.0,0.6825938566552902,0.0,0.00013311159374999995,3.0091984272003174
131,93.33604180812836,19.456545114517212,0.5,0.5,0.5181347150259067,0.5181347150259067,1.0,0.6825938566552902,0.0,0.00013311159374999995,3.383007287979126
132,93.75270837545395,19.456545114517212,0.49961449498843485,0.5,0.5181347150259067,0.5181347150259067,1.0,0.6825938566552902,0.0,0.00013311159374999995,3.209510326385498
133,93.5443747639656,19.456545114517212,0.5,0.5,0.5181347150259067,0.5181347150259067,1.0,0.6825938566552902,0.0,0.00013311159374999995,3.0069711208343506
134,93.33604168891907,19.456545114517212,0.5,0.5,0.5181347150259067,0.5181347150259067,1.0,0.6825938566552902,0.0,0.00013311159374999995,3.0137948989868164
135,93.54437464475632,19.456545114517212,0.5,0.5,0.5181347150259067,0.5181347150259067,1.0,0.6825938566552902,0.0,0.00013311159374999995,3.2014811038970947
136,93.33604192733765,19.456545114517212,0.5,0.5,0.5181347150259067,0.5181347150259067,1.0,0.6825938566552902,0.0,0.00013311159374999995,3.4013516902923584
137,93.33604192733765,19.456545114517212,0.5,0.5,0.5181347150259067,0.5181347150259067,1.0,0.6825938566552902,0.0,0.00013311159374999995,3.007801055908203
138,93.5443748831749,19.456545114517212,0.5,0.5,0.5181347150259067,0.5181347150259067,1.0,0.6825938566552902,0.0,0.00013311159374999995,3.02164363861084
139,93.33604168891907,19.456545114517212,0.5,0.5,0.5181347150259067,0.5181347150259067,1.0,0.6825938566552902,0.0,0.00013311159374999995,3.0291712284088135
140,93.33604228496552,19.456545114517212,0.5,0.5,0.5181347150259067,0.5181347150259067,1.0,0.6825938566552902,0.0,0.00013311159374999995,3.4671123027801514
