epoch,train_loss,valid_loss,train_auc,valid_auc,valid_acc,valid_precision,valid_recall,valid_f1,valid_mcc,valid_specificity,lr,epoch_time
1,101.83814992755651,24.273091033101082,0.5136570380066103,0.2819354838709677,0.5181347150259067,0.5181347150259067,1.0,0.6825938566552902,0.0,0.0,0.0003,4.023713827133179
2,87.65735810995102,23.95713597536087,0.5073305720416226,0.8356989247311827,0.5181347150259067,0.5181347150259067,1.0,0.6825938566552902,0.0,0.0,0.0003,2.8250200748443604
3,75.43301986157894,15.79044346883893,0.7685535493356763,0.9155913978494623,0.5181347150259067,0.5181347150259067,1.0,0.6825938566552902,0.0,0.0,0.0003,2.838543176651001
4,63.959082663059235,9.776624001562595,0.8134155744024673,0.914731182795699,0.7979274611398963,0.7226277372262774,0.99,0.8354430379746836,0.6401188232902764,0.5913978494623656,0.0003,3.027355670928955
5,60.08562766388059,8.148199386894703,0.8306796244165127,0.923010752688172,0.8238341968911918,0.75,0.99,0.853448275862069,0.6826115202461154,0.6451612903225806,0.0003,2.9486629962921143
6,56.732982812449336,6.833872485905886,0.8428917657324894,0.9362365591397849,0.8963730569948186,0.8448275862068966,0.98,0.9074074074074074,0.8024890673253374,0.8064516129032258,0.0003,2.7974119186401367
7,57.1723742634058,7.717306047677994,0.8396896834077449,0.939247311827957,0.7409326424870466,0.668918918918919,0.99,0.7983870967741935,0.5472632470554795,0.4731182795698925,0.0003,2.786102294921875
8,53.57923077046871,6.544359318912029,0.8619697811885509,0.9511827956989246,0.8756476683937824,0.8114754098360656,0.99,0.8918918918918919,0.7695536316590691,0.7526881720430108,0.0003,2.9265615940093994
9,50.9068427272141,7.175422701984644,0.8838554087249646,0.9396774193548386,0.8704663212435233,0.8048780487804879,0.99,0.8878923766816144,0.7606987464779406,0.7419354838709677,0.0003,3.0580883026123047
10,49.0636494718492,7.390124458819628,0.8833951934398404,0.9422580645161289,0.8341968911917098,0.7615384615384615,0.99,0.8608695652173913,0.6997525581615567,0.6666666666666666,0.0003,2.8177571296691895
11,50.91029451042414,9.858470190316439,0.8821729333644128,0.9381720430107527,0.5803108808290155,0.5524861878453039,1.0,0.7117437722419929,0.26699913926291224,0.12903225806451613,0.0003,2.8175911903381348
12,47.763442404568195,13.274384157732129,0.899179980037415,0.9179569892473118,0.6632124352331606,0.6060606060606061,1.0,0.7547169811320755,0.4271649094778441,0.3010752688172043,0.0003,2.8430683612823486
13,48.34808024764061,8.06848569959402,0.8887922636017525,0.9435483870967742,0.7461139896373057,0.6711409395973155,1.0,0.8032128514056225,0.5634971576602699,0.4731182795698925,0.0003,3.113565444946289
14,45.25358625128865,6.6219454780220985,0.9005695911256149,0.9436559139784946,0.8808290155440415,0.8181818181818182,0.99,0.8959276018099548,0.778451768905017,0.7634408602150538,0.0003,2.808547019958496
15,44.65258250012994,10.252982230857015,0.9059935569860081,0.9374193548387096,0.7253886010362695,0.6556291390728477,0.99,0.7888446215139442,0.521752753042609,0.44086021505376344,0.0003,2.803046226501465
16,45.941479904577136,6.5224202536046505,0.9114414301339406,0.9563440860215053,0.9326424870466321,0.8990825688073395,0.98,0.937799043062201,0.8684703016206383,0.8817204301075269,0.0003,2.8565609455108643
17,44.02995777875185,6.744796089828014,0.9173495185669972,0.9535483870967743,0.8290155440414507,0.7557251908396947,0.99,0.8571428571428571,0.6911696588167057,0.6559139784946236,0.0003,3.1075470447540283
18,42.79958016984165,9.338667498901486,0.920479879029125,0.9497849462365592,0.7357512953367875,0.6622516556291391,1.0,0.796812749003984,0.5468833448412673,0.45161290322580644,0.0003,2.791987419128418
19,43.27890022844076,8.153873357921839,0.9159091044927771,0.9415053763440859,0.7979274611398963,0.7194244604316546,1.0,0.8368200836820083,0.6463206107370717,0.5806451612903226,0.0003,2.8431496620178223
20,42.3784437160939,7.8703433237969875,0.9184910915469807,0.9444086021505376,0.8549222797927462,0.7950819672131147,0.97,0.8738738738738738,0.7265468701388142,0.7311827956989247,0.0003,2.8264622688293457
21,43.979255442507565,7.940396852791309,0.9180039805633753,0.9383870967741935,0.8652849740932642,0.7983870967741935,0.99,0.8839285714285714,0.7518850403660218,0.7311827956989247,0.0003,3.095536947250366
22,41.84116114675999,7.41681108251214,0.9245037743630202,0.9461290322580646,0.8238341968911918,0.7538461538461538,0.98,0.8521739130434782,0.6776382231811767,0.6559139784946236,0.0003,2.8478541374206543
23,40.35263339430094,7.752734664827585,0.926129469915667,0.9468817204301075,0.8911917098445595,0.8495575221238938,0.96,0.9014084507042254,0.78830168409802,0.8172043010752689,0.0003,2.8235135078430176
24,41.81488649034873,12.749188313260674,0.922695785742889,0.9293548387096774,0.7098445595854922,0.6410256410256411,1.0,0.78125,0.5050066401985323,0.3978494623655914,0.0003,2.8539154529571533
25,38.81749424152076,9.288376200944185,0.9361585770382457,0.9336559139784947,0.7616580310880829,0.6901408450704225,0.98,0.8099173553719008,0.5744058359398111,0.5268817204301075,0.00025499999999999996,3.037759304046631
26,40.10024160891771,6.989095348864794,0.9326681130575627,0.9544086021505376,0.9119170984455959,0.8738738738738738,0.97,0.919431279620853,0.8283274844315729,0.8494623655913979,0.00025499999999999996,2.974438190460205
27,38.83750490657985,9.305921975523233,0.9347898848266424,0.9404301075268817,0.7512953367875648,0.6756756756756757,1.0,0.8064516129032258,0.5717865362780723,0.4838709677419355,0.00025499999999999996,2.8332271575927734
28,39.193196346983314,7.454159874469042,0.9316296402550908,0.9496774193548387,0.7616580310880829,0.684931506849315,1.0,0.8130081300813008,0.5883435908385819,0.5053763440860215,0.00025499999999999996,2.8435235023498535
29,37.35666888486594,9.01405493542552,0.9310483943268006,0.9325806451612904,0.8497409326424871,0.784,0.98,0.8711111111111111,0.7214031236369641,0.7096774193548387,0.00025499999999999996,2.9587724208831787
30,37.75161626469344,7.297017451375723,0.9362153568461506,0.9446236559139785,0.8497409326424871,0.784,0.98,0.8711111111111111,0.7214031236369641,0.7096774193548387,0.00025499999999999996,3.032801866531372
31,37.48249906906858,7.4409622810781,0.9391589416243806,0.9452688172043011,0.8290155440414507,0.768,0.96,0.8533333333333334,0.6779884673033395,0.6881720430107527,0.00025499999999999996,2.8215627670288086
32,34.735640798695385,8.472560942173004,0.9469078911979345,0.939247311827957,0.7875647668393783,0.7092198581560284,1.0,0.8298755186721992,0.6297245738963679,0.5591397849462365,0.00025499999999999996,2.804823398590088
33,34.36281485110521,10.917748686857522,0.9497648120588357,0.929247311827957,0.7512953367875648,0.678082191780822,0.99,0.8048780487804879,0.5641839497679763,0.4946236559139785,0.00025499999999999996,2.7959561347961426
34,36.920039273332804,7.423982072621584,0.94011822153688,0.9444086021505377,0.8134715025906736,0.7352941176470589,1.0,0.847457627118644,0.6713152289516385,0.6129032258064516,0.00025499999999999996,3.1144301891326904
35,34.86579394992441,9.655168861150742,0.9436550058871694,0.9288172043010752,0.8393782383419689,0.7674418604651163,0.99,0.8646288209606987,0.7083622829940145,0.6774193548387096,0.00025499999999999996,2.8026626110076904
36,34.29907428380102,10.160862350836396,0.9520240507312641,0.9478494623655914,0.8808290155440415,0.8811881188118812,0.89,0.8855721393034826,0.7612952512004577,0.8709677419354839,0.00025499999999999996,2.84527587890625
37,33.45782783976756,8.65544025786221,0.9548451106608572,0.9389247311827956,0.8393782383419689,0.7674418604651163,0.99,0.8646288209606987,0.7083622829940145,0.6774193548387096,0.00025499999999999996,2.8144643306732178
38,32.90665246080607,8.350088696926832,0.9567696473077406,0.9368817204301075,0.772020725388601,0.6944444444444444,1.0,0.819672131147541,0.6048884885927481,0.5268817204301075,0.00025499999999999996,3.1345839500427246
39,32.91580456867814,9.026236841455102,0.9557834716967599,0.9308602150537633,0.7875647668393783,0.7092198581560284,1.0,0.8298755186721992,0.6297245738963679,0.5591397849462365,0.00025499999999999996,2.7842540740966797
40,33.139315413311124,10.36938826367259,0.9543579996772515,0.9141935483870968,0.7772020725388601,0.7021276595744681,0.99,0.8215767634854771,0.6063521041344451,0.5483870967741935,0.00025499999999999996,2.822413682937622
41,32.457358649000525,10.715654741972685,0.9541069731580929,0.926236559139785,0.7512953367875648,0.6756756756756757,1.0,0.8064516129032258,0.5717865362780723,0.4838709677419355,0.00025499999999999996,2.8041305541992188
42,31.131646053865552,11.15544252935797,0.9585686706950447,0.923010752688172,0.7927461139896373,0.7142857142857143,1.0,0.8333333333333334,0.638017282075762,0.5698924731182796,0.00025499999999999996,3.0771634578704834
43,29.869375424925238,11.704212524928153,0.9640105670210923,0.9201075268817205,0.7979274611398963,0.725925925925926,0.98,0.8340425531914893,0.6344478005245047,0.6021505376344086,0.00025499999999999996,2.848417282104492
44,32.51457255799323,9.39375751465559,0.9567337863764321,0.9236559139784946,0.8082901554404145,0.7299270072992701,1.0,0.8438818565400844,0.6629675255087012,0.6021505376344086,0.00025499999999999996,2.845792531967163
45,32.24888265412301,10.906267438083887,0.957884324589243,0.9126881720430108,0.8031088082901554,0.7348484848484849,0.97,0.8362068965517241,0.6380054517147119,0.6236559139784946,0.00025499999999999996,2.8376495838165283
46,30.463685292750597,11.296586638316512,0.9607920484361646,0.9290322580645162,0.844559585492228,0.782258064516129,0.97,0.8660714285714286,0.7086126942229944,0.7096774193548387,0.00025499999999999996,2.989802837371826
47,31.33046494331211,8.291249547153711,0.958694183954624,0.9276344086021505,0.8652849740932642,0.8032786885245902,0.98,0.8828828828828829,0.7480502508989416,0.7419354838709677,0.00025499999999999996,2.994947910308838
48,30.59804996382445,10.545866470783949,0.9639717176788414,0.9213978494623656,0.8497409326424871,0.7886178861788617,0.97,0.8699551569506726,0.7175623110231903,0.7204301075268817,0.00025499999999999996,2.836275815963745
49,29.909956742543727,11.349288418889046,0.9633979427779072,0.9126881720430107,0.772020725388601,0.6971830985915493,0.99,0.8181818181818182,0.5979230880264431,0.5376344086021505,0.00025499999999999996,2.8197152614593506
50,29.282002735417336,12.892803592607379,0.9651760472886147,0.9123655913978495,0.8082901554404145,0.7333333333333333,0.99,0.8425531914893617,0.6570647982159028,0.6129032258064516,0.00021674999999999996,2.9324288368225098
51,29.169973306823522,10.522501431405544,0.9613658233370987,0.9183870967741935,0.8082901554404145,0.7333333333333333,0.99,0.8425531914893617,0.6570647982159028,0.6129032258064516,0.00021674999999999996,3.0635905265808105
52,26.378677850589156,13.261061140336096,0.9680538870261127,0.8974193548387096,0.7979274611398963,0.7194244604316546,1.0,0.8368200836820083,0.6463206107370717,0.5806451612903226,0.00021674999999999996,2.8273580074310303
53,26.10243690526113,12.34870192129165,0.969093854034056,0.9081720430107526,0.8186528497409327,0.7443609022556391,0.99,0.8497854077253219,0.6740760642814091,0.6344086021505376,0.00021674999999999996,2.8302364349365234
54,28.75526656396687,10.63730640616268,0.9674113786735041,0.927741935483871,0.8497409326424871,0.784,0.98,0.8711111111111111,0.7214031236369641,0.7096774193548387,0.00021674999999999996,2.8402950763702393
55,26.503182546701282,10.866965629160404,0.970083018055979,0.9203225806451614,0.8549222797927462,0.7857142857142857,0.99,0.8761061946902655,0.7343729278924073,0.7096774193548387,0.00021674999999999996,3.1170690059661865
56,28.55098854424432,9.454051915556192,0.9695331504425837,0.9215053763440859,0.8549222797927462,0.7950819672131147,0.97,0.8738738738738738,0.7265468701388142,0.7311827956989247,0.00021674999999999996,2.8215718269348145
57,27.88642721204087,8.835085174068809,0.9681644582309804,0.9408602150537635,0.8860103626943006,0.8545454545454545,0.94,0.8952380952380953,0.7750736683500374,0.8279569892473119,0.00021674999999999996,2.8322455883026123
58,26.204968750011176,10.247243896126747,0.9686545576255282,0.936989247311828,0.8808290155440415,0.8468468468468469,0.94,0.8909952606635071,0.7653958988803485,0.8172043010752689,0.00021674999999999996,2.826141357421875
59,27.472537694033235,12.768002829980105,0.9681794002856923,0.9150537634408602,0.7823834196891192,0.704225352112676,1.0,0.8264462809917356,0.6214403401130751,0.5483870967741935,0.00021674999999999996,3.187304735183716
60,26.093793656560592,9.667194610461593,0.9725245497958915,0.9180645161290323,0.844559585492228,0.7916666666666666,0.95,0.8636363636363636,0.7018642015317916,0.7311827956989247,0.00021674999999999996,2.8436267375946045
61,26.577283731428906,9.628469767048955,0.9700740528231518,0.9338709677419355,0.8341968911917098,0.7786885245901639,0.95,0.8558558558558559,0.6835401086185593,0.7096774193548387,0.00021674999999999996,2.837366819381714
62,25.751648483099416,8.828688418492675,0.9732537220658287,0.9244086021505377,0.8290155440414507,0.768,0.96,0.8533333333333334,0.6779884673033395,0.6881720430107527,0.00021674999999999996,2.808629035949707
63,26.925642210058868,8.79075339436531,0.9727725879041079,0.9423655913978495,0.8756476683937824,0.8275862068965517,0.96,0.8888888888888888,0.7601373063207462,0.7849462365591398,0.00021674999999999996,3.1171457767486572
64,25.07459851168096,9.486940937116742,0.9711439039405186,0.9293548387096774,0.8704663212435233,0.8099173553719008,0.98,0.8868778280542986,0.757010183148107,0.7526881720430108,0.00021674999999999996,2.842721462249756
65,26.51220777630806,8.841368632391095,0.9694823474565634,0.9387096774193548,0.8652849740932642,0.7983870967741935,0.99,0.8839285714285714,0.7518850403660218,0.7311827956989247,0.00021674999999999996,2.789733409881592
66,27.273145589977503,7.731637343764305,0.9664849712813709,0.9420430107526883,0.8549222797927462,0.7857142857142857,0.99,0.8761061946902655,0.7343729278924073,0.7096774193548387,0.00021674999999999996,2.787052631378174
67,24.75791520625353,9.35824029520154,0.9729907419029006,0.9345161290322581,0.8601036269430051,0.8173913043478261,0.94,0.8744186046511628,0.7272122323038752,0.7741935483870968,0.00021674999999999996,3.011072874069214
68,23.949975866591558,9.053880111314356,0.9751364209595189,0.9435483870967742,0.8238341968911918,0.75,0.99,0.853448275862069,0.6826115202461154,0.6451612903225806,0.00021674999999999996,2.996514081954956
69,25.39323852583766,8.292871030047536,0.9735152080232856,0.9418279569892473,0.8549222797927462,0.7950819672131147,0.97,0.8738738738738738,0.7265468701388142,0.7311827956989247,0.00021674999999999996,2.8251397609710693
70,23.22499285126105,11.835702606476843,0.9769578574288907,0.9249462365591398,0.8031088082901554,0.7246376811594203,1.0,0.8403361344537815,0.6546366673789947,0.5913978494623656,0.00021674999999999996,2.7913010120391846
71,27.836950577329844,7.075769480317831,0.9677640111647032,0.9453763440860216,0.8756476683937824,0.8114754098360656,0.99,0.8918918918918919,0.7695536316590691,0.7526881720430108,0.00021674999999999996,2.9107165336608887
72,24.908618946559727,8.3012998085469,0.9753665286020812,0.9444086021505377,0.8704663212435233,0.8048780487804879,0.99,0.8878923766816144,0.7606987464779406,0.7419354838709677,0.00021674999999999996,3.080198287963867
73,23.15599222877063,10.714379316661507,0.9765858002665662,0.9249462365591399,0.844559585492228,0.7692307692307693,1.0,0.8695652173913043,0.7218668931419366,0.6774193548387096,0.00021674999999999996,2.830688953399658
74,24.281930745462887,8.858618912287056,0.9704207084924662,0.9293548387096775,0.8704663212435233,0.8099173553719008,0.98,0.8868778280542986,0.757010183148107,0.7526881720430108,0.00021674999999999996,2.8306546211242676
75,23.73155357502401,10.835113673470914,0.9763497158021193,0.9349462365591399,0.8601036269430051,0.792,0.99,0.88,0.7431104518037764,0.7204301075268817,0.00018423749999999994,2.837496042251587
76,25.12990252696909,11.33392512332648,0.9773866943991202,0.931290322580645,0.7927461139896373,0.7205882352941176,0.98,0.8305084745762712,0.6258542327454398,0.5913978494623656,0.00018423749999999994,3.163548707962036
77,22.805189546197653,12.154524915851653,0.9785342442009886,0.9281720430107527,0.8186528497409327,0.751937984496124,0.97,0.8471615720524017,0.6643107538759719,0.6559139784946236,0.00018423749999999994,2.8274424076080322
78,23.31043859780766,9.788326520472765,0.9791498568551158,0.9413978494623656,0.8704663212435233,0.8260869565217391,0.95,0.8837209302325582,0.7483432110504347,0.7849462365591398,0.00018423749999999994,2.8251607418060303
79,22.62435941793956,11.122519670519978,0.9798820175359955,0.9364516129032259,0.8134715025906736,0.7352941176470589,1.0,0.847457627118644,0.6713152289516385,0.6129032258064516,0.00018423749999999994,2.8218374252319336
80,23.5966419801116,10.707300409674644,0.9773508334678119,0.927741935483871,0.8341968911917098,0.7615384615384615,0.99,0.8608695652173913,0.6997525581615567,0.6666666666666666,0.00018423749999999994,3.1784675121307373
81,21.62093818373978,8.810146529693156,0.9772253202082325,0.9351612903225808,0.8497409326424871,0.784,0.98,0.8711111111111111,0.7214031236369641,0.7096774193548387,0.00018423749999999994,2.844515085220337
82,22.804497325094417,9.853624226525426,0.9793261731007155,0.9278494623655914,0.8134715025906736,0.7424242424242424,0.98,0.8448275862068966,0.6603084859804137,0.6344086021505376,0.00018423749999999994,2.8524911403656006
83,21.570762614137493,10.484854070004076,0.9806380855044139,0.9301075268817204,0.844559585492228,0.8017241379310345,0.93,0.8611111111111112,0.6966096648138593,0.7526881720430108,0.00018423749999999994,2.826810121536255
84,23.90164494724013,9.942447952926159,0.9762540866519638,0.9382795698924731,0.8341968911917098,0.7786885245901639,0.95,0.8558558558558559,0.6835401086185593,0.7096774193548387,0.00018423749999999994,3.1436567306518555
85,20.377389617729932,10.031273165717721,0.9835487977622779,0.9299999999999999,0.8290155440414507,0.7637795275590551,0.97,0.8546255506607929,0.6819512420097418,0.6774193548387096,0.00018423749999999994,2.83656644821167
86,22.091520589077845,8.060590269044042,0.9794666284150065,0.9467741935483871,0.8704663212435233,0.8205128205128205,0.96,0.8847926267281107,0.7508484890341252,0.7741935483870968,0.00018423749999999994,2.8203446865081787
87,20.065444192732684,14.541075461544096,0.9813313968430427,0.9059139784946236,0.7772020725388601,0.7111111111111111,0.96,0.8170212765957446,0.5892138051417085,0.5806451612903226,0.00018423749999999994,2.818342685699463
88,18.975429544690996,10.479081220924854,0.9837968358704942,0.9333333333333333,0.8549222797927462,0.8,0.96,0.8727272727272727,0.7232469625255779,0.7419354838709677,0.00018423749999999994,3.039978504180908
89,20.97566291538533,10.28029191493988,0.9831603043397704,0.9235483870967742,0.8290155440414507,0.768,0.96,0.8533333333333334,0.6779884673033395,0.6881720430107527,0.00018423749999999994,2.9562795162200928
90,20.88402899587527,11.975993811385706,0.9834890295434306,0.929784946236559,0.7875647668393783,0.7122302158273381,0.99,0.8284518828451883,0.6232206333533209,0.5698924731182796,0.00018423749999999994,2.8286943435668945
91,20.67610220296774,12.110268129501492,0.982323549275908,0.9146236559139785,0.8290155440414507,0.7768595041322314,0.94,0.8506787330316742,0.671243840120467,0.7096774193548387,0.00018423749999999994,2.8415334224700928
92,21.72079998278059,12.130046733655035,0.9811969183506363,0.9274193548387097,0.8341968911917098,0.765625,0.98,0.8596491228070176,0.6950600015158375,0.6774193548387096,0.00018423749999999994,2.9570960998535156
93,19.33186303859111,9.498738454189152,0.9832439798461567,0.9464516129032258,0.8549222797927462,0.7950819672131147,0.97,0.8738738738738738,0.7265468701388142,0.7311827956989247,0.00018423749999999994,3.0144901275634766
94,19.704658134724014,12.604785619303584,0.9864565216091995,0.9191397849462366,0.8290155440414507,0.7863247863247863,0.92,0.847926267281106,0.6659546645563359,0.7311827956989247,0.00018423749999999994,2.8291573524475098
95,20.374794580391608,11.166957139968872,0.9805544099980277,0.9209677419354838,0.8082901554404145,0.752,0.94,0.8355555555555556,0.6345738109697149,0.6666666666666666,0.00018423749999999994,2.8011767864227295
96,18.676192312152125,18.573717814986594,0.9863220431167931,0.9004301075268817,0.7564766839378239,0.6879432624113475,0.97,0.8049792531120332,0.5596071646105992,0.5268817204301075,0.00018423749999999994,2.8579587936401367
97,20.450057735783048,12.318819165229797,0.9825417032747007,0.9266666666666665,0.8186528497409327,0.773109243697479,0.92,0.8401826484018264,0.6470982915492455,0.7096774193548387,0.00018423749999999994,3.1076245307922363
98,18.72708348755259,11.11996329948306,0.9855674693538459,0.9267741935483871,0.8549222797927462,0.8103448275862069,0.94,0.8703703703703703,0.7177855453161549,0.7634408602150538,0.00018423749999999994,2.8323919773101807
99,19.301759561058134,11.382857270073146,0.9826134251373175,0.9298924731182795,0.8031088082901554,0.7313432835820896,0.98,0.8376068376068376,0.6430531685433067,0.6129032258064516,0.00018423749999999994,2.83699107170105
100,18.022282598540187,13.999172195792198,0.9884736989952962,0.9163440860215053,0.8186528497409327,0.76,0.95,0.8444444444444444,0.6562811391365272,0.6774193548387096,0.00015660187499999995,2.8338465690612793
101,19.489314651640598,10.93342902045697,0.9860859586523463,0.9186021505376343,0.8238341968911918,0.7578125,0.97,0.8508771929824561,0.6731191149779643,0.6666666666666666,0.00015660187499999995,3.1867661476135254
102,19.575533234048635,12.881579451262951,0.9859365381052281,0.9159139784946236,0.8082901554404145,0.7647058823529411,0.91,0.8310502283105022,0.6257714523639646,0.6989247311827957,0.00015660187499999995,2.824009418487549
103,19.040370739181526,9.662051621824503,0.9854404618887952,0.9393548387096774,0.8601036269430051,0.8173913043478261,0.94,0.8744186046511628,0.7272122323038752,0.7741935483870968,0.00015660187499999995,2.8431313037872314
104,20.133267392986454,11.052034475840628,0.9837998242814366,0.9236559139784947,0.8134715025906736,0.75,0.96,0.8421052631578947,0.6511782284400911,0.6559139784946236,0.00015660187499999995,2.8309149742126465
105,19.733512430568226,10.453924714121968,0.9845529038389127,0.9352688172043011,0.8290155440414507,0.7723577235772358,0.95,0.852017937219731,0.67442587556844,0.6989247311827957,0.00015660187499999995,3.1759846210479736
106,16.86780409538187,13.782558777253143,0.9885902470220485,0.9145161290322581,0.8031088082901554,0.7384615384615385,0.96,0.8347826086956521,0.6334095532204168,0.6344086021505376,0.00015660187499999995,2.8317880630493164
107,18.36339049495291,11.171827660873532,0.988479675817181,0.9251612903225808,0.8549222797927462,0.8157894736842105,0.93,0.8691588785046729,0.7155954076976729,0.7741935483870968,0.00015660187499999995,2.8303935527801514
108,18.10568999161478,10.82036287873052,0.9880164721211142,0.9283870967741935,0.8393782383419689,0.7899159663865546,0.94,0.8584474885844748,0.689751969919807,0.7311827956989247,0.00015660187499999995,2.841447591781616
109,18.850755081890384,13.914831529604271,0.98672249018307,0.9227956989247312,0.7875647668393783,0.7251908396946565,0.95,0.8225108225108225,0.6023427940578415,0.6129032258064516,0.00015660187499999995,3.079291582107544
110,16.166457616491243,11.654342945665121,0.9907419029005516,0.9252688172043011,0.8134715025906736,0.75,0.96,0.8421052631578947,0.6511782284400911,0.6559139784946236,0.00015660187499999995,2.9015309810638428
111,17.051365943974815,13.4404257084243,0.9898752637272656,0.9245161290322581,0.7823834196891192,0.7265625,0.93,0.8157894736842105,0.5853555688264716,0.6236559139784946,0.00015660187499999995,2.8347485065460205
112,16.08960988355102,12.135757816955447,0.9909749989540563,0.9160215053763441,0.8082901554404145,0.752,0.94,0.8355555555555556,0.6345738109697149,0.6666666666666666,0.00015660187499999995,2.825284481048584
113,17.092216323828325,13.339029228023719,0.9895226312360665,0.9191397849462366,0.8290155440414507,0.7815126050420168,0.93,0.8493150684931506,0.6684251307345263,0.7204301075268817,0.00015660187499999995,2.999495506286621
114,18.623095383431064,13.399693687912077,0.9857363145720893,0.913978494623656,0.7927461139896373,0.734375,0.94,0.8245614035087719,0.6072964553643447,0.6344086021505376,0.00015660187499999995,3.0043208599090576
115,16.924944206140935,14.526803117245436,0.9913395850890248,0.9160215053763441,0.8031088082901554,0.746031746031746,0.94,0.831858407079646,0.6254640796649333,0.6559139784946236,0.00015660187499999995,2.825103282928467
116,18.20841751989792,10.15766796655953,0.9885215135703742,0.9253763440860215,0.8186528497409327,0.76,0.95,0.8444444444444444,0.6562811391365272,0.6774193548387096,0.00015660187499999995,2.821244955062866
117,17.324124627397396,11.612584240734577,0.9895883762767986,0.933225806451613,0.8497409326424871,0.8034188034188035,0.94,0.8663594470046083,0.7084015767952305,0.7526881720430108,0.00015660187499999995,2.8498106002807617
118,17.58200927611324,16.18320895539364,0.9893612570451789,0.9075268817204302,0.8134715025906736,0.7580645161290323,0.94,0.8392857142857143,0.6437041750084534,0.6774193548387096,0.00015660187499999995,3.074383497238159
119,17.011991934821708,18.0500232540071,0.9892028712652334,0.9029032258064515,0.8082901554404145,0.7647058823529411,0.91,0.8310502283105022,0.6257714523639646,0.6989247311827957,0.00015660187499999995,2.8218235969543457
120,16.025908310635714,18.0363778398023,0.9918027887850914,0.8938709677419355,0.7823834196891192,0.7301587301587301,0.92,0.8141592920353983,0.5819005403739438,0.6344086021505376,0.00015660187499999995,2.8175857067108154
121,19.369470771052875,15.720240125083365,0.9889249490475935,0.9154838709677421,0.7875647668393783,0.7286821705426356,0.94,0.8209606986899564,0.5982334601989083,0.6236559139784946,0.00015660187499999995,2.8340511322021484
122,17.079366833146196,13.34876579779666,0.9909899410087679,0.9263440860215054,0.8186528497409327,0.773109243697479,0.92,0.8401826484018264,0.6470982915492455,0.7096774193548387,0.00015660187499999995,3.1708219051361084
123,17.244986460194923,17.70928045740584,0.9905117952579895,0.9091397849462365,0.7409326424870466,0.6712328767123288,0.98,0.7967479674796748,0.5400243086973706,0.4838709677419355,0.00015660187499999995,2.8116531372070312
124,17.943443540658336,13.435117625631392,0.988168881079175,0.9127956989247312,0.8082901554404145,0.7647058823529411,0.91,0.8310502283105022,0.6257714523639646,0.6989247311827957,0.00015660187499999995,2.8594579696655273
125,16.770271793589927,13.926451753126457,0.9906104128190877,0.9187096774193548,0.7979274611398963,0.725925925925926,0.98,0.8340425531914893,0.6344478005245047,0.6021505376344086,0.00013311159374999995,2.839327573776245
126,14.912773872347316,14.161514655686915,0.9915726811425293,0.9156989247311829,0.8082901554404145,0.7560975609756098,0.93,0.8340807174887892,0.6312894401136898,0.6774193548387096,0.00013311159374999995,3.139265537261963
127,21.219145885494072,13.529799517826177,0.9870123660444795,0.9075268817204301,0.8031088082901554,0.7313432835820896,0.98,0.8376068376068376,0.6430531685433067,0.6129032258064516,0.00013311159374999995,2.8125410079956055
128,15.862120640231296,16.458876507589594,0.9921135835230974,0.9009677419354838,0.8082901554404145,0.7603305785123967,0.92,0.832579185520362,0.6283606686066471,0.6881720430107527,0.00013311159374999995,2.8283143043518066
129,15.710650505148806,18.913499432441313,0.9921733517419449,0.8977419354838709,0.8031088082901554,0.7384615384615385,0.96,0.8347826086956521,0.6334095532204168,0.6344086021505376,0.00013311159374999995,2.8101918697357178
130,16.145293589885114,14.407758546061814,0.9905043242306336,0.9050537634408602,0.7979274611398963,0.7401574803149606,0.94,0.8281938325991189,0.6163724728478682,0.6451612903225806,0.00013311159374999995,3.0422353744506836
131,15.149984135932755,21.93497716326965,0.9923825405079103,0.8856989247311828,0.7823834196891192,0.7301587301587301,0.92,0.8141592920353983,0.5819005403739438,0.6344086021505376,0.00013311159374999995,2.931953191757202
132,16.68856799705827,21.73583685385529,0.99133360826714,0.8952688172043011,0.7668393782383419,0.706766917293233,0.94,0.8068669527896996,0.5620589466593048,0.5806451612903226,0.00013311159374999995,2.8423173427581787
133,16.482226840016665,14.775193269364536,0.9923227722890631,0.9111827956989247,0.8134715025906736,0.7758620689655172,0.9,0.8333333333333334,0.6330820233069725,0.7204301075268817,0.00013311159374999995,2.826035261154175
134,12.956777117819001,19.989829482859932,0.9948928056994973,0.8946236559139785,0.8186528497409327,0.773109243697479,0.92,0.8401826484018264,0.6470982915492455,0.7096774193548387,0.00013311159374999995,2.945417881011963
135,14.959990698749607,14.240248864982277,0.9932760753796775,0.9211827956989248,0.8549222797927462,0.8214285714285714,0.92,0.8679245283018868,0.71374971829806,0.7849462365591398,0.00013311159374999995,3.0096628665924072
136,15.195879815764783,16.93288447894156,0.9923317375218901,0.9124731182795699,0.8238341968911918,0.7704918032786885,0.94,0.8468468468468469,0.6620367278584318,0.6989247311827957,0.00013311159374999995,2.8283824920654297
137,14.41661630233284,17.12838223297149,0.9936257194599344,0.9141397849462366,0.7875647668393783,0.7251908396946565,0.95,0.8225108225108225,0.6023427940578415,0.6129032258064516,0.00013311159374999995,2.816408395767212
138,14.603444280801341,21.069518447038718,0.9925977060957606,0.8920430107526881,0.8031088082901554,0.7540983606557377,0.92,0.8288288288288288,0.619029966338177,0.6774193548387096,0.00013311159374999995,2.879406213760376
139,14.57426034079981,17.90425866167061,0.9925200074112591,0.8970430107526881,0.7772020725388601,0.7209302325581395,0.93,0.8122270742358079,0.576207695639887,0.6129032258064516,0.00013311159374999995,3.090749502182007
140,14.330183110490907,19.076412982307374,0.9940261665262113,0.8883333333333334,0.7823834196891192,0.7230769230769231,0.94,0.8173913043478261,0.5891808832596569,0.6129032258064516,0.00013311159374999995,2.8424177169799805
