epoch,train_loss,test_loss,acc,auc_hardlabel,auc_score,sensitivity,specificity,score_std
1,319.54007002711296,33.631755620241165,0.5,0.5,0.7577080967770111,1.0,0.0,0.3104185588226266
2,279.1742100119591,27.766380041837692,0.8130841121495327,0.8130841121495328,0.8862564416106211,0.8084112149532711,0.8177570093457944,0.4102922537152014
3,256.44748374819756,27.39989924430847,0.705607476635514,0.705607476635514,0.8925888723906018,0.9485981308411215,0.46261682242990654,0.373193830066871
4,242.8882947564125,24.668869197368622,0.822429906542056,0.8224299065420562,0.926521966984016,0.9485981308411215,0.6962616822429907,0.4482221156390777
5,234.82474383711815,25.794449865818024,0.8504672897196262,0.8504672897196262,0.9149052318979823,0.822429906542056,0.8785046728971962,0.46371301866153725
6,232.3534207046032,25.284452617168427,0.852803738317757,0.852803738317757,0.9272425539348415,0.8130841121495327,0.8925233644859814,0.4554842289384831
7,228.97540912032127,23.469479113817215,0.8691588785046729,0.8691588785046729,0.9399074154948031,0.9158878504672897,0.822429906542056,0.46700269579516335
8,225.8608921468258,23.371102035045624,0.8925233644859814,0.8925233644859814,0.950716219757184,0.8925233644859814,0.8925233644859814,0.46090529891521026
9,224.10044339299202,23.434141635894775,0.852803738317757,0.8528037383177569,0.945639357149096,0.9532710280373832,0.7523364485981309,0.45400233701571724
10,219.98309016227722,23.04896453022957,0.8621495327102804,0.8621495327102804,0.9399620054153202,0.9345794392523364,0.7897196261682243,0.4670672840854496
11,218.37642693519592,24.18474668264389,0.8738317757009346,0.8738317757009345,0.9220455935016159,0.8411214953271028,0.9065420560747663,0.48266782959484256
12,220.49646839499474,23.8790500164032,0.8738317757009346,0.8738317757009345,0.922023757533409,0.8644859813084113,0.883177570093458,0.48160321320010685
13,215.8010118305683,23.97443524003029,0.8691588785046729,0.869158878504673,0.9348960607913355,0.883177570093458,0.8551401869158879,0.48154148159482957
14,217.52640435099602,22.927707254886627,0.8808411214953271,0.8808411214953271,0.9474626604943663,0.9299065420560748,0.8317757009345794,0.46063193609003295
15,214.22488394379616,23.40298143029213,0.883177570093458,0.8831775700934581,0.9478338719538824,0.8738317757009346,0.8925233644859814,0.4702775714574478
16,213.5492815375328,23.73591896891594,0.8644859813084113,0.8644859813084111,0.939274172416805,0.9252336448598131,0.8037383177570093,0.46748887477409845
17,212.18043759465218,23.137951880693436,0.8738317757009346,0.8738317757009346,0.9412830814918334,0.8738317757009346,0.8738317757009346,0.4770982349528717
18,212.23470747470856,23.02776411175728,0.8691588785046729,0.8691588785046729,0.9467311555594375,0.9018691588785047,0.8364485981308412,0.4753013787702249
19,212.7432625889778,23.09932890534401,0.8785046728971962,0.8785046728971962,0.9431282208053104,0.9392523364485982,0.8177570093457944,0.4723150299724735
20,213.68763902783394,25.632254600524902,0.8411214953271028,0.8411214953271028,0.9234649314350598,0.7523364485981309,0.9299065420560748,0.46348437127813075
21,215.8742341697216,22.84962636232376,0.8785046728971962,0.8785046728971962,0.9429644510437594,0.897196261682243,0.8598130841121495,0.47686719870186034
22,210.52591353654861,24.030503123998642,0.8551401869158879,0.8551401869158878,0.9366756922001922,0.8691588785046729,0.8411214953271028,0.4742169905647543
23,212.6748088300228,25.963387042284012,0.8481308411214953,0.8481308411214954,0.9345794392523364,0.7710280373831776,0.9252336448598131,0.45411261884931886
24,207.17686694860458,23.846707582473755,0.8644859813084113,0.8644859813084111,0.9422220281247271,0.897196261682243,0.8317757009345794,0.4773570809172961
25,207.36021104454994,23.084531366825104,0.8761682242990654,0.8761682242990655,0.9444165429295135,0.897196261682243,0.8551401869158879,0.48516061463530036
26,206.43026533722878,22.750673174858093,0.883177570093458,0.883177570093458,0.9512293650100445,0.9112149532710281,0.8551401869158879,0.4837363424727877
27,203.71279627084732,23.090817511081696,0.8901869158878505,0.8901869158878506,0.9501266486155997,0.9065420560747663,0.8738317757009346,0.4690635518188521
28,203.20614361763,22.549088805913925,0.8785046728971962,0.8785046728971962,0.9401039392086645,0.9392523364485982,0.8177570093457944,0.482072586825163
29,201.615529358387,23.0505151450634,0.8738317757009346,0.8738317757009346,0.9448969342300637,0.9439252336448598,0.8037383177570093,0.4833375741648495
30,205.03512561321259,24.29142475128174,0.8808411214953271,0.8808411214953272,0.9421565202201065,0.8317757009345794,0.9299065420560748,0.4798386889823584
31,201.30535060167313,22.42416802048683,0.8878504672897196,0.8878504672897196,0.9445148047864443,0.9439252336448598,0.8317757009345794,0.47843178725439783
32,200.70584186911583,22.14144441485405,0.897196261682243,0.897196261682243,0.9616669578129096,0.9252336448598131,0.8691588785046729,0.47720124325671853
33,202.25307604670525,22.560894459486008,0.8995327102803738,0.8995327102803738,0.9542099746702769,0.9158878504672897,0.883177570093458,0.47151521426964765
34,200.371333360672,22.831643372774124,0.897196261682243,0.897196261682243,0.9456939470696131,0.9065420560747663,0.8878504672897196,0.47866297446970874
35,201.62775096297264,23.186337769031525,0.8948598130841121,0.8948598130841122,0.9526268669752816,0.8878504672897196,0.9018691588785047,0.4764917323679053
36,197.41645461320877,22.27751049399376,0.9018691588785047,0.9018691588785047,0.9526050310070748,0.9299065420560748,0.8738317757009346,0.47886987036583895
37,198.85511046648026,23.066936045885086,0.8855140186915887,0.8855140186915887,0.9423312079657611,0.9112149532710281,0.8598130841121495,0.47437258387244846
38,201.16831523180008,23.4200641810894,0.8925233644859814,0.8925233644859815,0.954319154511311,0.8738317757009346,0.9112149532710281,0.4818811405948964
39,198.88488146662712,23.223790615797043,0.8621495327102804,0.8621495327102804,0.9442309371997555,0.9252336448598131,0.7990654205607477,0.4749981947953398
40,197.9828178882599,22.240575909614563,0.9042056074766355,0.9042056074766356,0.9481723294610882,0.9205607476635514,0.8878504672897196,0.48943260066023786
41,201.70674180984497,22.80327957868576,0.8878504672897196,0.8878504672897196,0.9375163769761551,0.9065420560747663,0.8691588785046729,0.49158936736436853
42,197.32592689990997,21.659324288368225,0.9042056074766355,0.9042056074766356,0.9522447375316622,0.9205607476635514,0.8878504672897196,0.48957416753520744
43,198.22997298836708,22.747136533260345,0.8925233644859814,0.8925233644859814,0.9519171980085597,0.9299065420560748,0.8551401869158879,0.4762221404658735
44,195.19288423657417,22.751203536987305,0.8948598130841121,0.8948598130841121,0.9496353393309459,0.9065420560747663,0.883177570093458,0.4825996386462558
45,198.89350363612175,23.20506653189659,0.8948598130841121,0.8948598130841122,0.9528779806096602,0.8598130841121495,0.9299065420560748,0.47937497465631923
46,196.51305279135704,23.91879791021347,0.8808411214953271,0.8808411214953271,0.9427242553934841,0.8738317757009346,0.8878504672897196,0.4748881032590661
47,195.3406053185463,22.62105828523636,0.8878504672897196,0.8878504672897196,0.951240282994148,0.9018691588785047,0.8738317757009346,0.48347916599043195
48,194.0860989689827,22.352238208055496,0.8995327102803738,0.8995327102803738,0.9526923748799021,0.9065420560747663,0.8925233644859814,0.4875017454471903
49,196.94511729478836,25.51880443096161,0.8154205607476636,0.8154205607476634,0.8994672023757533,0.9532710280373832,0.677570093457944,0.4745008910681826
50,195.7915269434452,21.879109650850296,0.8995327102803738,0.8995327102803738,0.9566665210935452,0.9299065420560748,0.8691588785046729,0.48427533184185817
51,193.50062933564186,22.453081339597702,0.8925233644859814,0.8925233644859814,0.9466984016071273,0.9205607476635514,0.8644859813084113,0.48398293931444525
52,192.33438122272491,22.220306396484375,0.8995327102803738,0.8995327102803738,0.9531509302122456,0.9112149532710281,0.8878504672897196,0.48190902733164387
53,192.36140489578247,22.85371571779251,0.883177570093458,0.883177570093458,0.9462398462747839,0.9018691588785047,0.8644859813084113,0.48982475308138385
54,192.23185938596725,22.380100399255753,0.8995327102803738,0.8995327102803738,0.9396344658922177,0.9158878504672897,0.883177570093458,0.487910475034788
55,190.46970710158348,22.21498593688011,0.8948598130841121,0.8948598130841122,0.9418944886016247,0.9299065420560748,0.8598130841121495,0.4892635276207187
56,189.47453585267067,23.64566135406494,0.8785046728971962,0.8785046728971962,0.9465455498296795,0.8411214953271028,0.9158878504672897,0.48443182510932675
57,193.0997716486454,22.30984914302826,0.8855140186915887,0.8855140186915889,0.9538496811948642,0.9205607476635514,0.8504672897196262,0.48338556296844376
58,189.64716419577599,22.95828077197075,0.8948598130841121,0.8948598130841121,0.9461634203860599,0.8644859813084113,0.9252336448598131,0.4886961929095779
59,191.98987233638763,22.713446736335754,0.8925233644859814,0.8925233644859812,0.9426805834570705,0.9018691588785047,0.883177570093458,0.4916158710711119
60,188.49100217223167,22.50022718310356,0.897196261682243,0.8971962616822431,0.9464363699886452,0.897196261682243,0.897196261682243,0.4878835688046477
61,188.87057614326477,23.042604088783264,0.8738317757009346,0.8738317757009346,0.938116866101843,0.9345794392523364,0.8130841121495327,0.4884849847494718
62,190.0550775527954,23.11874258518219,0.883177570093458,0.883177570093458,0.940562494541008,0.9018691588785047,0.8644859813084113,0.485138338301573
63,190.46403014659882,23.906894713640213,0.8738317757009346,0.8738317757009345,0.9512839549305616,0.8037383177570093,0.9439252336448598,0.4777258879019821
64,191.49967992305756,23.550640136003494,0.8808411214953271,0.8808411214953271,0.9487073106821557,0.8411214953271028,0.9205607476635514,0.4839724248194233
65,191.4167681336403,23.13764914870262,0.8855140186915887,0.8855140186915887,0.944241855183859,0.8644859813084113,0.9065420560747663,0.48412771654805065
66,190.02682515978813,23.325542718172073,0.8785046728971962,0.8785046728971962,0.9336841645558565,0.9252336448598131,0.8317757009345794,0.4916148985739656
67,187.3863876760006,23.08686950802803,0.883177570093458,0.883177570093458,0.9336186566512359,0.897196261682243,0.8691588785046729,0.4933317542809572
68,189.7946970462799,22.884043872356415,0.8948598130841121,0.8948598130841122,0.9485872128570181,0.8691588785046729,0.9205607476635514,0.4895856380502968
69,191.2863002717495,22.844848424196243,0.8855140186915887,0.8855140186915889,0.9349943226482662,0.9205607476635514,0.8504672897196262,0.48483679650522193
70,188.12756970524788,22.79212087392807,0.8761682242990654,0.8761682242990654,0.9456611931173028,0.9158878504672897,0.8364485981308412,0.484096996517319
71,190.18248707056046,22.144172966480255,0.9018691588785047,0.9018691588785047,0.9508472355664251,0.8925233644859814,0.9112149532710281,0.4904212839824268
72,188.3607984483242,22.919081807136536,0.8901869158878505,0.8901869158878504,0.9409555419687309,0.9018691588785047,0.8785046728971962,0.4903664285254264
73,189.3623821735382,22.751302480697632,0.8878504672897196,0.8878504672897197,0.9378657524674644,0.9112149532710281,0.8644859813084113,0.4880406140885834
74,186.9240894317627,23.000491619110107,0.8948598130841121,0.8948598130841122,0.9493842256965674,0.8691588785046729,0.9205607476635514,0.4859089036322462
75,187.2303582429886,22.189133405685425,0.897196261682243,0.897196261682243,0.9546903659708271,0.9158878504672897,0.8785046728971962,0.4902304803172863
76,190.86149156093597,22.286286175251007,0.9018691588785047,0.9018691588785047,0.9442091012315487,0.9018691588785047,0.9018691588785047,0.49193149450318996
77,188.08844989538193,22.088903784751892,0.9042056074766355,0.9042056074766356,0.9485653768888113,0.9252336448598131,0.883177570093458,0.48886712541947847
78,186.04533842206,22.485438287258148,0.8925233644859814,0.8925233644859814,0.943379334439689,0.897196261682243,0.8878504672897196,0.4886238808163911
79,188.19907307624817,22.989927798509598,0.8948598130841121,0.8948598130841122,0.9494715695693948,0.8878504672897196,0.9018691588785047,0.4889505321150616
80,189.38937973976135,22.75983726978302,0.8901869158878505,0.8901869158878505,0.9472770547646082,0.8785046728971962,0.9018691588785047,0.48908916530139174
81,185.87496051192284,23.08920645713806,0.8855140186915887,0.8855140186915887,0.9481941654292952,0.8411214953271028,0.9299065420560748,0.4899654546438345
82,189.14308440685272,23.739031583070755,0.8691588785046729,0.8691588785046729,0.9348742248231287,0.8878504672897196,0.8504672897196262,0.49057540717443665
83,186.58777180314064,23.447965055704117,0.8855140186915887,0.8855140186915889,0.9449733601187877,0.8551401869158879,0.9158878504672897,0.48817227569872024
84,186.21854555606842,22.725726008415222,0.8948598130841121,0.8948598130841122,0.9373307712463971,0.8925233644859814,0.897196261682243,0.49054684010186916
85,183.99168074131012,22.73145243525505,0.8901869158878505,0.8901869158878505,0.9514368067080095,0.883177570093458,0.897196261682243,0.48499890748848973
86,183.19460767507553,22.11142137646675,0.9042056074766355,0.9042056074766355,0.9492532098873264,0.9158878504672897,0.8925233644859814,0.49113281065733316
87,184.1515132188797,22.084583789110184,0.9112149532710281,0.9112149532710281,0.9433684164555857,0.9018691588785047,0.9205607476635514,0.49420565194567423
88,186.62523365020752,23.005828499794006,0.8901869158878505,0.8901869158878505,0.9463053541794043,0.8738317757009346,0.9065420560747663,0.48912112362298193
89,184.47866693139076,22.22555261850357,0.8995327102803738,0.8995327102803738,0.9432701545986549,0.9345794392523364,0.8644859813084113,0.49240565766217226
90,183.37373027205467,22.825674265623093,0.8948598130841121,0.8948598130841122,0.9390339767665299,0.8738317757009346,0.9158878504672897,0.4924492724606246
91,186.28746670484543,22.82215404510498,0.897196261682243,0.8971962616822431,0.9448641802777535,0.897196261682243,0.897196261682243,0.4890315211116089
92,183.6507696211338,22.406080693006516,0.8878504672897196,0.8878504672897197,0.940748100270766,0.9485981308411215,0.8271028037383178,0.4835697991508158
93,183.18036541342735,22.45564439892769,0.897196261682243,0.897196261682243,0.9479321338108132,0.8878504672897196,0.9065420560747663,0.4891631108759281
94,182.32296976447105,21.977241933345795,0.9042056074766355,0.9042056074766356,0.9630098698576295,0.9252336448598131,0.883177570093458,0.4858994064901306
95,181.47245341539383,23.42583328485489,0.8761682242990654,0.8761682242990654,0.9298191981832474,0.9065420560747663,0.8457943925233645,0.4949232428849209
96,180.90536561608315,22.36661985516548,0.8948598130841121,0.8948598130841121,0.9413049174600403,0.9112149532710281,0.8785046728971962,0.4926528017997683
97,184.5872227549553,22.869804173707962,0.8855140186915887,0.8855140186915889,0.940114857192768,0.9252336448598131,0.8457943925233645,0.4914268887240411
98,183.55431625247002,22.26028475165367,0.897196261682243,0.8971962616822431,0.953871517163071,0.883177570093458,0.9112149532710281,0.4899466033780969
99,181.68197017908096,22.46726530790329,0.8878504672897196,0.8878504672897197,0.9449296881823741,0.9392523364485982,0.8364485981308412,0.49077006480581276
100,183.80312353372574,22.11701413989067,0.9042056074766355,0.9042056074766355,0.9479321338108133,0.9299065420560748,0.8785046728971962,0.49503398745185134
101,182.89508429169655,22.43426513671875,0.897196261682243,0.8971962616822431,0.9580640230587824,0.883177570093458,0.9112149532710281,0.4898105327597071
102,182.98934915661812,21.63318157196045,0.9135514018691588,0.9135514018691591,0.9410756397938684,0.9345794392523364,0.8925233644859814,0.4950257451407552
103,180.45717522501945,21.95318704843521,0.9042056074766355,0.9042056074766356,0.9444711328500306,0.9205607476635514,0.8878504672897196,0.4947846259447267
104,181.95499417185783,23.038623362779617,0.8878504672897196,0.8878504672897198,0.950137566599703,0.8457943925233645,0.9299065420560748,0.4938709128592237
105,184.23865327239037,21.827653169631958,0.9112149532710281,0.9112149532710282,0.9471569569394708,0.9205607476635514,0.9018691588785047,0.49181386877974526
106,179.31414768099785,21.578930109739304,0.9112149532710281,0.911214953271028,0.9496899292514631,0.9158878504672897,0.9065420560747663,0.49210886301815354
107,180.10920256376266,22.325078547000885,0.8995327102803738,0.8995327102803738,0.9512075290418377,0.9065420560747663,0.8925233644859814,0.4936227855318022
108,179.3425841331482,22.377145886421204,0.8995327102803738,0.8995327102803738,0.9580094331382654,0.897196261682243,0.9018691588785047,0.48614449935936
109,179.28028985857964,21.901469498872757,0.9065420560747663,0.9065420560747665,0.9467857454799546,0.9299065420560748,0.883177570093458,0.49196788080764353
110,183.89013236761093,23.381132006645203,0.8878504672897196,0.8878504672897198,0.9540025329723121,0.8457943925233645,0.9299065420560748,0.48698780007844106
111,182.3118675351143,22.126724392175674,0.9065420560747663,0.9065420560747663,0.9515023146126299,0.9158878504672897,0.897196261682243,0.48784371210556604
112,178.29107856750488,22.401721268892288,0.9018691588785047,0.9018691588785047,0.9460214865927155,0.8925233644859814,0.9112149532710281,0.4880302261520472
113,179.74895617365837,22.78853440284729,0.8855140186915887,0.8855140186915889,0.9351690103939209,0.897196261682243,0.8738317757009346,0.4924549113504528
114,181.43569710850716,21.898976117372513,0.9018691588785047,0.9018691588785047,0.9471787929076776,0.9299065420560748,0.8738317757009346,0.4916001434429445
115,180.31208008527756,22.534042358398438,0.8808411214953271,0.8808411214953271,0.948423443095467,0.9252336448598131,0.8364485981308412,0.4906559887154066
116,179.84972688555717,22.34799924492836,0.897196261682243,0.8971962616822431,0.9505524499956328,0.9112149532710281,0.883177570093458,0.4883242724520096
117,180.40507844090462,22.338330179452896,0.8925233644859814,0.8925233644859814,0.9472661367805049,0.9112149532710281,0.8738317757009346,0.49110203377635836
118,177.39747521281242,22.263580858707428,0.897196261682243,0.8971962616822431,0.950476024106909,0.883177570093458,0.9112149532710281,0.48988727743056115
119,178.6301993727684,21.66775718331337,0.9112149532710281,0.9112149532710281,0.952899816577867,0.9018691588785047,0.9205607476635514,0.4918177524847614
120,178.80540001392365,21.78645634651184,0.9088785046728972,0.9088785046728972,0.9473971525897459,0.9252336448598131,0.8925233644859814,0.4923778974514221
121,181.24689662456512,23.0739968419075,0.8878504672897196,0.8878504672897198,0.948532622936501,0.8457943925233645,0.9299065420560748,0.4889680776439026
122,180.51711562275887,22.626243889331818,0.8925233644859814,0.8925233644859812,0.9434994322648267,0.9158878504672897,0.8691588785046729,0.4894304087877617
123,179.09474125504494,21.947001516819,0.897196261682243,0.8971962616822431,0.9511638571054241,0.9205607476635514,0.8738317757009346,0.4903587128032783
124,178.3528389632702,21.733571231365204,0.9135514018691588,0.9135514018691591,0.9513276268669754,0.9345794392523364,0.8925233644859814,0.4869355927124589
125,178.08122289180756,22.005274266004562,0.9065420560747663,0.9065420560747663,0.950082976679186,0.9065420560747663,0.9065420560747663,0.49369041289182436
126,176.31172567605972,21.627915143966675,0.9135514018691588,0.9135514018691588,0.9505633679797363,0.9252336448598131,0.9018691588785047,0.49045703147182745
127,177.55155777931213,21.943969070911407,0.8948598130841121,0.8948598130841122,0.9449733601187876,0.9205607476635514,0.8691588785046729,0.49199490609678537
128,176.74693962931633,22.463828533887863,0.8785046728971962,0.8785046728971962,0.9332474451917198,0.9392523364485982,0.8177570093457944,0.48678122734819623
129,176.32072174549103,21.82085070014,0.9065420560747663,0.9065420560747663,0.9493077998078435,0.9345794392523364,0.8785046728971962,0.49422318306663815
130,177.24879908561707,21.708036839962006,0.9135514018691588,0.9135514018691591,0.9554000349375491,0.9345794392523364,0.8925233644859814,0.4913320418575436
131,175.50191968679428,22.258692383766174,0.8995327102803738,0.8995327102803737,0.9501703205520133,0.9018691588785047,0.897196261682243,0.49361266079966604
132,176.3020315170288,22.49803876876831,0.8995327102803738,0.8995327102803737,0.9491658660144991,0.8785046728971962,0.9205607476635514,0.49211094883137224
133,177.35702988505363,21.741392016410828,0.9065420560747663,0.9065420560747663,0.9461634203860599,0.9158878504672897,0.897196261682243,0.49280595091703394
134,175.30718511343002,22.672928869724274,0.8995327102803738,0.8995327102803738,0.9573543540920604,0.8738317757009346,0.9252336448598131,0.48914558465836366
135,176.20574951171875,22.620257914066315,0.897196261682243,0.897196261682243,0.9539697790200017,0.8785046728971962,0.9158878504672897,0.4914094562768897
136,177.21176397800446,21.824358642101288,0.9088785046728972,0.9088785046728972,0.9481941654292951,0.9158878504672897,0.9018691588785047,0.4919654247343025
137,175.9614718556404,21.861837685108185,0.9065420560747663,0.9065420560747662,0.9486199668093284,0.9439252336448598,0.8691588785046729,0.49184897896208635
138,177.10634052753448,21.860295206308365,0.9112149532710281,0.911214953271028,0.9461525024019565,0.9252336448598131,0.897196261682243,0.4922156124928384
139,175.68938952684402,22.155481696128845,0.897196261682243,0.8971962616822431,0.9457485369901302,0.9112149532710281,0.883177570093458,0.49107676135772477
140,175.24812591075897,22.761961430311203,0.8948598130841121,0.8948598130841122,0.9465673857978864,0.8691588785046729,0.9205607476635514,0.49271215975830773
