dataset,method,mean_abs_dp_topk,beats_random_pct,scaffold_enrichment,n_molecules
BBBP,occlusion,0.17479898018250847,85.79234972677595,0.95675553331278,183
BBBP,gnnexplainer,0.1008887946010843,57.92349726775956,1.0244587196571098,183
BBBP,attention,0.05793080072416175,64.48087431693989,0.45504176870115753,183
BBBP,random,0.04041094174710124,,,183
BACE,occlusion,0.2984586047616883,88.74172185430463,1.0041281343128707,151
BACE,gnnexplainer,0.16656797272453963,72.18543046357617,1.0600139516942106,151
BACE,attention,0.047927252139224615,25.82781456953642,0.2946462676175946,151
BACE,random,0.06187439213058136,,,151
druglikeRandom,occlusion,0.43968949962805376,89.67136150234741,0.9967469313105093,426
druglikeRandom,gnnexplainer,0.17796546769451527,42.25352112676056,1.030305333017129,426
druglikeRandom,attention,0.07104186418356549,32.629107981220656,0.3702599082688454,426
druglikeRandom,random,0.06348507435651757,,,426
druglikeScaffold,occlusion,0.5589927995606213,92.87410926365796,0.9845619392627527,421
druglikeScaffold,gnnexplainer,0.17624761512991918,46.080760095011875,0.9925317572958625,421
druglikeScaffold,attention,0.08983240316283497,32.304038004750595,0.4222983194499884,421
druglikeScaffold,random,0.0681266777384545,,,421
