dataset,n_atoms,p,dp_occlusion_topk,dp_attention_topk,dp_random_k
BBBP,39,0.9726501703262329,0.01307004690170288,0.03289848566055298,0.0032654762268066405
BBBP,23,0.7715541124343872,0.17864537239074707,0.15056532621383667,0.1327197551727295
BBBP,51,0.9596723318099976,0.020837008953094482,0.02344071865081787,0.005790713429450989
BBBP,53,0.9684728980064392,0.07004046440124512,0.00963449478149414,0.007339206337928772
BBBP,21,0.9707655906677246,0.003572523593902588,0.03872650861740112,0.007205197215080261
BBBP,27,0.973270058631897,0.0033939480781555176,0.011324584484100342,0.0030935972929000853
BBBP,57,0.44905173778533936,0.12181729078292847,0.2301163375377655,0.09551988691091537
BBBP,21,0.4885542392730713,0.45993202924728394,0.25135016441345215,0.08274465203285217
BBBP,32,0.9833126664161682,0.001217186450958252,0.003586113452911377,0.0006426632404327393
BBBP,50,0.9701196551322937,0.011828482151031494,0.005396544933319092,0.006843653321266174
BBBP,33,0.75994873046875,0.6478446200489998,0.17802554368972778,0.13619663715362548
BBBP,60,0.8108634948730469,0.26467686891555786,0.0693126916885376,0.06703675389289857
BBBP,24,0.9725343585014343,0.004292845726013184,0.0030351877212524414,0.00815366506576538
BBBP,25,0.8564589619636536,0.42719152569770813,0.11309230327606201,0.10701857209205627
BBBP,41,0.9801245927810669,0.03798133134841919,0.0033002495765686035,0.0018707096576690673
BBBP,21,0.9766969680786133,0.10121184587478638,0.0005171298980712891,0.002326372265815735
BBBP,60,0.6139332056045532,0.28794586658477783,0.49966082721948624,0.14677147418260575
BBBP,73,0.7703087329864502,0.6817639768123627,0.05958414077758789,0.12617020010948182
BBBP,73,0.5924729108810425,0.3343936800956726,0.23398476839065552,0.14884094893932343
BBBP,77,0.25998708605766296,0.6767418682575226,0.28920647501945496,0.14041188955307007
BBBP,44,0.9832858443260193,0.0030100345611572266,0.0026322007179260254,0.0020150631666183473
BBBP,50,0.9895554780960083,0.0005618929862976074,0.00011932849884033203,0.0004265904426574707
BBBP,47,0.9225502014160156,0.05893099308013916,0.03295028209686279,0.017483636736869812
BBBP,53,0.966471791267395,0.8063659965991974,0.014879465103149414,0.03298800736665726
BBBP,43,0.09873656183481216,0.6676497682929039,0.09582491964101791,0.06937065459787846
BBBP,47,0.9862112998962402,0.0016251206398010254,0.0010060667991638184,0.0006807953119277954
BBBP,60,0.9834614992141724,0.0009429454803466797,0.00036960840225219727,0.0009633421897888184
BBBP,36,0.6348646879196167,0.05682951211929321,0.29506051540374756,0.11268220245838165
BBBP,36,0.4871951937675476,0.07407763600349426,0.3047710657119751,0.15179409310221673
BBBP,56,0.9897871017456055,0.020196259021759033,0.0015209317207336426,0.0005932241678237915
BBBP,43,0.9628860950469971,0.002909719944000244,0.07849329710006714,0.01335182785987854
BBBP,36,0.6570056676864624,0.2760632038116455,0.2663242220878601,0.10153650939464569
BBBP,49,0.8495895266532898,0.09279876947402954,0.0444188117980957,0.06524412631988526
BBBP,15,0.9460733532905579,0.02817821502685547,0.02746450901031494,0.026623013615608215
BBBP,35,0.9078466892242432,0.3839501142501831,0.020733416080474854,0.030826005339622497
BBBP,25,0.581635057926178,0.392089307308197,0.24439996480941772,0.13456566780805587
BBBP,48,0.9870326519012451,0.008385300636291504,0.00013297796249389648,0.0005747050046920777
BBBP,53,0.8973225355148315,0.221843421459198,0.028282463550567627,0.02331152856349945
BBBP,64,0.9624454379081726,0.014381647109985352,0.011898040771484375,0.005016705393791199
BBBP,29,0.9796974062919617,0.012939929962158203,0.0014265775680541992,0.00123232901096344
BBBP,40,0.2539173364639282,0.6540265679359436,0.2039048671722412,0.10810352638363838
BBBP,18,0.9779353141784668,0.00040012598037719727,0.00040012598037719727,0.0005038887262344361
BBBP,92,0.029184438288211823,0.018805351108312607,0.008001178503036499,0.0036682654172182083
BBBP,52,0.986474335193634,0.001790761947631836,0.0003040432929992676,0.00033982694149017336
BBBP,52,0.9899410605430603,0.0003387928009033203,0.00019973516464233398,0.0001979619264602661
BBBP,46,0.9876091480255127,0.001635909080505371,0.001215517520904541,0.0005048513412475586
BBBP,37,0.3043363392353058,0.5702902972698212,0.09389194846153259,0.08663562387228012
BBBP,48,0.2567954361438751,0.6678865849971771,0.07089149951934814,0.09602280110120773
BBBP,36,0.9711570739746094,0.01090383529663086,0.0033650994300842285,0.004295536875724792
BBBP,39,0.6068567037582397,0.3716498017311096,0.06409817934036255,0.11128690540790558
BBBP,71,0.9907915592193604,0.0015214085578918457,0.0006682276725769043,0.0005247175693511962
BBBP,168,0.0001423548674210906,9.500754822511226e-05,1.588929444551468e-05,6.38449564576149e-06
BBBP,30,0.9794010519981384,0.05029034614562988,0.0010418891906738281,0.004287135601043701
BBBP,42,0.9405788779258728,0.04527503252029419,0.04285091161727905,0.015525469183921814
BBBP,16,0.9691433310508728,0.007645845413208008,0.0033560991287231445,0.005976760387420654
BBBP,48,0.7178635001182556,0.2497192621231079,0.1822795867919922,0.1091771125793457
BBBP,51,0.6459910273551941,0.33440905809402466,0.23028993606567383,0.08860747516155243
BBBP,48,0.9582511186599731,0.055346786975860596,0.013020992279052734,0.01308821439743042
BBBP,42,0.9257146716117859,0.024784088134765625,0.004225194454193115,0.021257475018501282
BBBP,46,0.9461838603019714,0.02412092685699463,0.02365940809249878,0.011221864819526672
BBBP,46,0.9878324270248413,0.001298069953918457,0.0017871260643005371,0.0008011609315872192
BBBP,67,0.9639320373535156,0.005767464637756348,0.01709115505218506,0.005590882897377014
BBBP,42,0.9616186022758484,0.2972264289855957,0.012973904609680176,0.009973278641700745
BBBP,56,0.9759282469749451,0.05258750915527344,0.006403923034667969,0.0033664971590042113
BBBP,61,0.9894459843635559,0.0035701990127563477,0.001980721950531006,0.00032542645931243896
BBBP,43,0.24553442001342773,0.7190767526626587,0.14913683384656906,0.21030038148164748
BBBP,117,0.04281974211335182,0.025938142091035843,0.01133541390299797,0.0030812617391347886
BBBP,44,0.9827096462249756,0.0033611655235290527,0.002776622772216797,0.0024523675441741944
BBBP,29,0.210392564535141,0.24653694033622742,0.004715293645858765,0.05589209794998169
BBBP,63,0.09471097588539124,0.4317631423473358,0.009283296763896942,0.007325546815991402
BBBP,80,0.09398066997528076,0.48063063621520996,0.013689354062080383,0.03531603552401066
BBBP,176,2.7934864192502573e-05,5.932430212851614e-06,8.024089765967801e-07,2.9947080292913595e-06
BBBP,23,0.2699233293533325,0.6995041370391846,0.0385776162147522,0.15949019268155099
BBBP,78,0.1438698023557663,0.6135029345750809,0.011249586939811707,0.08922481164336205
BBBP,34,0.8261049389839172,0.10709387063980103,0.02237766981124878,0.05634598135948181
BBBP,13,0.9590144753456116,0.012908756732940674,0.017617344856262207,0.03964968621730804
BBBP,59,0.016504034399986267,0.01695863902568817,0.0018713586032390594,0.0017728866543620825
BBBP,51,0.9873286485671997,0.0011134743690490723,0.0014189481735229492,0.00029371976852416993
BBBP,52,0.6926866173744202,0.29319173097610474,0.27189141511917114,0.10201497077941894
BBBP,48,0.9863241314888,0.048341453075408936,0.00350189208984375,0.0012416690587997437
BBBP,43,0.9855723977088928,0.0005273818969726562,0.0014212727546691895,0.00048249363899230955
BBBP,43,0.9809991121292114,0.0012485384941101074,0.0023477673530578613,0.0013528674840927123
BBBP,38,0.731506884098053,0.2831091582775116,0.00716322660446167,0.07856659293174743
BBBP,27,0.9822173714637756,0.0038036704063415527,0.0004303455352783203,0.0005928993225097657
BBBP,46,0.642231285572052,0.3442245125770569,0.029423952102661133,0.09716605097055435
BBBP,138,0.0025757416151463985,0.0008473437046632171,0.00012731202878057957,0.00027584380586631596
BBBP,22,0.8993026614189148,0.05388748645782471,0.04652082920074463,0.05999272763729095
BBBP,54,0.06668662279844284,0.8732154443860054,0.00040566176176071167,0.008668173849582673
BBBP,57,0.9887862205505371,0.0017902851104736328,0.000878751277923584,0.0003272950649261475
BBBP,43,0.9250561594963074,0.23016732931137085,0.06393414735794067,0.020201435685157774
BBBP,34,0.9864999651908875,0.006006479263305664,0.006006479263305664,0.00031247437000274657
BBBP,39,0.946414053440094,0.038139939308166504,0.03498482704162598,0.029605919122695924
BBBP,37,0.5779464244842529,0.33138322830200195,0.09273850917816162,0.09172356426715851
BBBP,52,0.981895923614502,0.007214069366455078,0.004270195960998535,0.0013727396726608276
BBBP,31,0.9200349450111389,0.4579073488712311,0.050888657569885254,0.030147424340248107
BBBP,27,0.8468397855758667,0.6537221074104309,0.12559515237808228,0.13133881092071534
BBBP,28,0.7588950991630554,0.1984647512435913,0.22569572925567627,0.13488693237304689
BBBP,98,0.17978133261203766,0.7373664826154709,0.15514786541461945,0.08660097233951092
BBBP,40,0.8747304081916809,0.4276369512081146,0.09949737787246704,0.09195806682109833
BBBP,56,0.08805137872695923,0.8717711567878723,0.008155681192874908,0.04796906802803278
BBBP,55,0.7561014294624329,0.3399135172367096,0.19138717651367188,0.07495637834072114
BBBP,51,0.9602091312408447,0.017014622688293457,0.009375333786010742,0.008655411005020142
BBBP,44,0.9878450036048889,0.003079235553741455,0.002402365207672119,0.0003746896982192993
BBBP,30,0.9539356827735901,0.002520442008972168,0.012850761413574219,0.031559798121452334
BBBP,60,0.10032946616411209,0.5291821286082268,0.018212273716926575,0.015196383744478226
BBBP,67,0.990908145904541,0.00034159421920776367,0.00034159421920776367,0.0002482891082763672
BBBP,29,0.9563859105110168,0.012572944164276123,0.055746495723724365,0.010434862971305848
BBBP,64,0.7626781463623047,0.17160815000534058,0.1495569348335266,0.09196913838386536
BBBP,53,0.011043142527341843,0.00802118144929409,0.001479187048971653,0.0005691932979971171
BBBP,32,0.9517509341239929,0.007236003875732422,0.20052731037139893,0.004851999878883362
BBBP,87,0.9716999530792236,0.013484358787536621,0.004208981990814209,0.003752502799034119
BBBP,46,0.8407410979270935,0.37291890382766724,0.08533751964569092,0.0717879742383957
BBBP,20,0.9659269452095032,0.47725921869277954,0.00854271650314331,0.03452407419681549
BBBP,36,0.9106910824775696,0.05039870738983154,0.022412538528442383,0.008777981996536255
BBBP,13,0.852214515209198,0.05802154541015625,0.10402214527130127,0.07316714823246002
BBBP,50,0.03379705920815468,0.020701978355646133,0.0015032961964607239,0.003924042265862226
BBBP,55,0.10142254084348679,0.8686841800808907,0.11448205262422562,0.03867597170174122
BBBP,39,0.9885846376419067,0.004153072834014893,0.0007597208023071289,0.00030399560928344725
BBBP,53,0.9871739149093628,0.0005348920822143555,0.00022810697555541992,0.0007765859365463257
BBBP,32,0.2736430764198303,0.6917994022369385,0.3367280960083008,0.22217447459697723
BBBP,12,0.6771126389503479,0.2975994348526001,0.296894371509552,0.18966419696807862
BBBP,43,0.04525282606482506,0.005152512341737747,0.0026618652045726776,0.0020291682332754133
BBBP,42,0.9696904420852661,0.035763323307037354,0.005371153354644775,0.004539594054222107
BBBP,48,0.9705267548561096,0.24831247329711914,0.008446693420410156,0.0032724857330322264
BBBP,43,0.07181753218173981,0.08207780122756958,0.006570205092430115,0.002963721752166748
BBBP,48,0.9282442331314087,0.05194324254989624,0.014573454856872559,0.015532833337783814
BBBP,44,0.9873080849647522,0.0017575621604919434,0.002396523952484131,0.000837746262550354
BBBP,53,0.9655674695968628,0.043505311012268066,0.010623395442962646,0.003715336322784424
BBBP,78,0.01383766159415245,0.011725213378667831,0.0009144693613052368,0.0008486815262585878
BBBP,83,0.7109227776527405,0.20728039741516113,0.04470795392990112,0.0830378532409668
BBBP,203,0.00019975542090833187,0.0006019006832502782,4.137482028454542e-05,3.3636724401731045e-05
BBBP,124,0.005714093800634146,0.01233611861243844,0.0009371712803840637,0.0005753681529313326
BBBP,45,0.9731621146202087,0.00012165307998657227,0.004841744899749756,0.002484777569770813
BBBP,88,0.9634650349617004,0.026066064834594727,0.00696408748626709,0.013637945055961609
BBBP,11,0.6381179690361023,0.3326581120491028,0.07011955976486206,0.14475514888763427
BBBP,54,0.9888362288475037,3.612041473388672e-05,0.00021189451217651367,0.0004937112331390381
BBBP,40,0.7749342322349548,0.46281149983406067,0.03245037794113159,0.08192523121833802
BBBP,57,0.9880154728889465,0.010418415069580078,0.0002442002296447754,0.000949704647064209
BBBP,63,0.982463002204895,0.0003579854965209961,0.0035585761070251465,0.0005747914314270019
BBBP,29,0.9685357213020325,0.013293325901031494,0.010830283164978027,0.005065122246742248
BBBP,45,0.10517651587724686,0.7124557420611382,0.009273581206798553,0.059205085039138794
BBBP,39,0.9620508551597595,0.011768758296966553,0.00425344705581665,0.03232472240924835
BBBP,47,0.9049151539802551,0.08096063137054443,0.04208076000213623,0.022673922777175903
BBBP,66,0.4300362467765808,0.32660970091819763,0.1517382264137268,0.11728177629411221
BBBP,152,0.00032328913221135736,8.211821841541678e-05,3.660429501906037e-05,2.494283689884469e-05
BBBP,50,0.9861311912536621,0.0005768537521362305,0.00024950504302978516,0.0012075603008270264
BBBP,30,0.930624783039093,0.06754076480865479,0.020796775817871094,0.012298381328582764
BBBP,55,0.9473245143890381,0.03710561990737915,0.004595518112182617,0.008252257108688354
BBBP,56,0.9879804253578186,0.000958561897277832,0.002200484275817871,0.0005276232957839965
BBBP,42,0.8812686800956726,0.07129669189453125,0.09850764274597168,0.026085099577903746
BBBP,33,0.48912015557289124,0.4196905195713043,0.3581763207912445,0.09478879943490029
BBBP,23,0.12798409163951874,0.8273269087076187,0.6053109914064407,0.08730852827429772
BBBP,35,0.1093917042016983,7.960200309753418e-05,0.009629078209400177,0.025725091993808746
BBBP,43,0.9765204191207886,0.011664509773254395,0.005710959434509277,0.004233255982398987
BBBP,43,0.9890596866607666,0.00017637014389038086,0.00023955106735229492,0.00012427568435668945
BBBP,45,0.044269390404224396,0.004202466458082199,0.0034383125603199005,0.004937382414937019
BBBP,45,0.6913865804672241,0.06634867191314697,0.1887798309326172,0.11080782413482666
BBBP,65,0.9895113110542297,0.016362369060516357,0.0008546710014343262,0.0004529029130935669
BBBP,85,0.07321915775537491,0.07376272231340408,0.004918329417705536,0.00957066435366869
BBBP,29,0.253304123878479,0.6954411268234253,0.05625550448894501,0.12632997706532478
BBBP,34,0.9477315545082092,0.010048091411590576,0.03737145662307739,0.02963503897190094
BBBP,74,0.08916931599378586,0.48206866532564163,0.0006730854511260986,0.009913316369056702
BBBP,44,0.9886730313301086,0.004118204116821289,0.0006861686706542969,0.00025452375411987304
BBBP,48,0.9880924820899963,0.0007608532905578613,0.00027257204055786133,0.000518578290939331
BBBP,60,0.7681264877319336,0.5888238102197647,0.1319020390510559,0.1173141434788704
BBBP,59,0.9512759447097778,0.031195521354675293,0.04785633087158203,0.00417274534702301
BBBP,14,0.6166552305221558,0.34676867723464966,0.34768474102020264,0.20692029893398284
BBBP,54,0.023346588015556335,0.023434262722730637,0.0010045859962701797,0.0019622153602540495
BBBP,42,0.5649276375770569,0.36588767170906067,0.009474456310272217,0.1640094041824341
BBBP,44,0.6085731387138367,0.36613261699676514,0.09347110986709595,0.14317964017391205
BBBP,63,0.9785675406455994,0.003374934196472168,0.01230919361114502,0.004496023058891296
BBBP,55,0.8523402810096741,0.06786531209945679,0.017284929752349854,0.05429620444774628
BBBP,42,0.9393216371536255,0.013529598712921143,0.014484167098999023,0.038159888982772824
BBBP,47,0.9868436455726624,0.04117375612258911,0.002162158489227295,0.0014833927154541016
BBBP,27,0.8217450976371765,0.08059817552566528,0.109164297580719,0.0740862399339676
BBBP,27,0.9737561345100403,0.008643805980682373,0.006633937358856201,0.007267385721206665
BBBP,42,0.9850150942802429,0.0005084872245788574,0.0009009838104248047,0.0009467095136642456
BBBP,57,0.9892252087593079,0.002429664134979248,0.00024306774139404297,0.00037123262882232666
BBBP,23,0.9417178630828857,0.42058122158050537,0.012964010238647461,0.054356999695301056
BBBP,61,0.8167005181312561,0.03936952352523804,0.1539851427078247,0.0789336085319519
BBBP,41,0.9844754338264465,0.01316612958908081,0.0031766891479492188,0.0017760694026947021
BBBP,71,0.02290329337120056,0.005304763093590736,0.00228956900537014,0.00139445960521698
BBBP,71,0.02148071676492691,0.008878964930772781,0.0023701712489128113,0.0014981448650360108
BACE,91,0.9690614938735962,0.1875860095024109,0.0012488961219787598,0.006500664353370667
BACE,84,0.8762701749801636,0.17225635051727295,0.001583695411682129,0.0615492194890976
BACE,87,0.7871251106262207,0.1730560064315796,0.0026288628578186035,0.04453030526638031
BACE,71,0.8638776540756226,0.33364439010620117,0.026269972324371338,0.0313775897026062
BACE,74,0.1524515599012375,0.6577329188585281,0.02000473439693451,0.14714932162314653
BACE,78,0.8570458292961121,0.03697788715362549,0.025480031967163086,0.02858412265777588
BACE,76,0.6938005685806274,0.1856018304824829,0.02527141571044922,0.06406357735395432
BACE,71,0.8334742188453674,0.18192631006240845,0.03282594680786133,0.02591138780117035
BACE,71,0.6574651002883911,0.6574362932133226,0.07400691509246826,0.16704425420612096
BACE,84,0.7482486367225647,0.010574698448181152,0.0025787949562072754,0.04810653924942017
BACE,53,0.820854127407074,0.7736802585422993,0.014423489570617676,0.034457623958587646
BACE,71,0.7152634263038635,0.011242508888244629,0.008674442768096924,0.03376218974590302
BACE,87,0.6872661113739014,0.5760654881596565,0.013653218746185303,0.06359345763921738
BACE,92,0.9435855746269226,0.22627294063568115,0.024008333683013916,0.03166764676570892
BACE,98,0.8839541077613831,0.32689177989959717,0.003253042697906494,0.032754752039909366
BACE,84,0.7464592456817627,0.01052248477935791,0.002590954303741455,0.07144531607627869
BACE,73,0.7929403781890869,0.07833611965179443,0.007511734962463379,0.06894315481185913
BACE,89,0.6653010249137878,0.5883614644408226,0.018778979778289795,0.08920048549771309
BACE,88,0.9698784947395325,0.15578311681747437,0.0004788041114807129,0.004010233283042908
BACE,98,0.9177877902984619,0.1936982274055481,0.0026437044143676758,0.020033857226371764
BACE,99,0.8043162822723389,0.45487287640571594,0.00587010383605957,0.08568843081593513
BACE,95,0.9117130637168884,0.18037700653076172,0.06199681758880615,0.03564063012599945
BACE,60,0.6454591155052185,0.63078907225281,0.031974196434020996,0.0914811372756958
BACE,101,0.6078326106071472,0.563184954226017,0.009382486343383789,0.1119686633348465
BACE,101,0.7036324739456177,0.041828274726867676,0.006936311721801758,0.06962515711784363
BACE,91,0.40809178352355957,0.012286096811294556,0.14644873142242432,0.15856498964130877
BACE,38,0.2194797247648239,0.21583853289484978,0.19082443788647652,0.0763332150876522
BACE,26,0.13581430912017822,0.13560920328018256,0.027773618698120117,0.06090385094285011
BACE,48,0.6855239868164062,0.11410379409790039,0.09121429920196533,0.026991787552833556
BACE,48,0.3154662847518921,0.1100282371044159,0.1255183070898056,0.10007885061204433
BACE,89,0.0006141399499028921,0.14471549936570227,0.0005975623644189909,0.0014773235243410454
BACE,36,0.0088047431781888,0.0031327204778790474,0.0041872663423419,0.013298515201313421
BACE,80,0.7204364538192749,0.03248095512390137,0.22383159399032593,0.0967379242181778
BACE,45,0.5112543702125549,0.5072250817902386,0.040385425090789795,0.11470775054767728
BACE,80,0.12305516004562378,0.1543411910533905,0.04540722072124481,0.04827373567968607
BACE,50,0.10695309191942215,0.6428424045443535,0.0035097599029541016,0.08784752730280161
BACE,52,0.06749465316534042,0.01685934141278267,0.024390630424022675,0.017964320699684323
BACE,39,0.424689918756485,0.4188142507337034,0.04523572325706482,0.13902587592601776
BACE,83,0.827068030834198,0.7992959003895521,0.015960872173309326,0.04466121792793274
BACE,114,0.4513678252696991,0.4513666939551513,0.10145708918571472,0.2155994170345366
BACE,62,0.2771993577480316,0.5772939622402191,0.4905552566051483,0.11767800375819207
BACE,54,0.7420733571052551,0.6901995167136192,0.01736205816268921,0.1544061340391636
BACE,90,0.4778901934623718,0.4757402951363474,0.10923582315444946,0.1018907878547907
BACE,43,0.6584790349006653,0.06719785928726196,0.011927306652069092,0.025526401400566102
BACE,104,0.7232113480567932,0.7224394441582263,0.009130120277404785,0.11373871937394142
BACE,91,0.7924854755401611,0.1167643666267395,0.049482107162475586,0.03615460395812988
BACE,84,0.8852120041847229,0.3967571258544922,0.015823304653167725,0.044828799366950986
BACE,99,0.002355598146095872,0.7578140271361917,0.002306837552168872,0.00209203960899913
BACE,184,0.9365559220314026,0.20468658208847046,0.002317070960998535,0.020476284623146056
BACE,22,9.096897701965645e-05,0.10714702569384826,3.808240217040293e-05,0.0012685200646728844
BACE,43,0.0007512991433031857,0.09810668480349705,0.011645368940662593,0.0021785736174933846
BACE,19,0.034963298588991165,0.03492520096915541,0.007543347775936127,0.012283969511645409
BACE,19,0.044598307460546494,0.042384801898151636,0.0027958787977695465,0.009334007883444429
BACE,29,0.14234353601932526,0.14045529207214713,0.03866613656282425,0.028913099318742752
BACE,30,0.2882339358329773,0.10060246288776398,0.03112146258354187,0.07303656712174415
BACE,31,0.015494749881327152,0.07378443982452154,0.009728667326271534,0.010397147323237732
BACE,28,0.08218130469322205,0.06468847393989563,0.001038290560245514,0.00963937323540449
BACE,48,0.41760900616645813,0.3851441517472267,0.3695695400238037,0.07259832993149758
BACE,33,1.5183104551397264e-05,0.004105473184608854,1.0626964467519429e-05,2.783681602522847e-05
BACE,44,0.0008622835157439113,0.04423576418776065,0.0006581918860320002,0.0010871564365515952
BACE,44,0.006573584396392107,0.053461968433111906,0.0013242750428617,0.0034147076097269745
BACE,38,0.026379670947790146,0.026249315356835723,0.005564678460359573,0.0090768248133827
BACE,33,0.044537149369716644,0.0445152291431441,0.03936725575476885,0.021728018696740035
BACE,32,8.129683556035161e-05,4.8976628022501245e-05,3.2192940125241876e-05,4.6217880390031495e-05
BACE,46,2.2141604858916253e-05,0.018170864910644013,1.4062851732887793e-05,0.0011221895911944558
BACE,49,0.01455188449472189,0.8111803466454148,0.08317548874765635,0.08315911628305912
BACE,47,0.005430073942989111,0.06469598272815347,0.0023810635320842266,0.0029650717275217175
BACE,43,0.3876360058784485,0.3870280797709711,0.26400548219680786,0.13913788446225225
BACE,43,0.39217355847358704,0.3921650706251967,0.37447246350347996,0.13705788925290108
BACE,48,0.0017527529271319509,0.4266649893252179,0.09798676881473511,0.001297269247152144
BACE,38,4.949669892084785e-05,1.5028013876872137e-05,1.446060196030885e-07,2.556834838287614e-05
BACE,42,0.3559334874153137,0.32748634554445744,0.017512619495391846,0.16769899800419807
BACE,57,1.7055754142347723e-05,0.7296286137061543,1.1547799658728763e-06,0.001979629886983503
BACE,47,0.2595270872116089,0.3950002193450928,0.18918833136558533,0.11610028967261314
BACE,60,0.017055083066225052,0.18219679221510887,0.005276624113321304,0.010994121571275172
BACE,39,3.681241287267767e-05,0.02118770496235811,1.570371568959672e-05,0.0007141002926005057
BACE,55,0.2474479079246521,0.5328549742698669,0.11948442459106445,0.18529371367767453
BACE,50,0.00034009586670435965,0.1248930178990122,0.00020731538825202733,0.00016800371752196953
BACE,43,0.0009263826650567353,0.01718610542593524,0.0008763748992350884,0.001813402678089915
BACE,52,0.03805620223283768,0.6996273323893547,0.010331492871046066,0.03324149986547127
BACE,71,3.972373451688327e-05,0.02832047544870875,3.5879517781722825e-05,6.0463592717496795e-05
BACE,86,0.06453798711299896,0.7091261297464371,0.01868101954460144,0.02752094892784953
BACE,66,0.36470791697502136,0.36469752161065117,0.005187243223190308,0.09718899736180901
BACE,75,5.3651332564186305e-05,0.041710742116265465,4.277532843843801e-05,0.0003714773907120161
BACE,88,0.9277076125144958,0.3562127947807312,0.004160702228546143,0.028920209407806395
BACE,48,0.050391919910907745,0.15177147835493088,0.0340386126190424,0.017725729662925006
BACE,56,0.010635127313435078,0.002625005319714546,0.008614735212177038,0.004977793025318533
BACE,49,1.5481439277209574e-06,8.690962545188086e-07,8.781725000517326e-07,1.0399913790593018e-06
BACE,59,0.0020930992905050516,0.10392331308685243,0.0020297570517868735,0.006868652192497393
BACE,50,0.06187039986252785,0.05978970159776509,0.023982353508472443,0.01649785917252302
BACE,56,0.007842328399419785,0.09104547277092934,0.007295642979443073,0.006779198130243458
BACE,57,0.013886810280382633,0.0686440235003829,0.012541173491626978,0.014688795841357205
BACE,76,0.049624744802713394,0.7592272125184536,0.004882548004388809,0.059293252089992164
BACE,52,0.6324304938316345,0.6309008067473769,0.07853370904922485,0.13018579334020614
BACE,54,0.002073145704343915,0.0069672882091254,0.0015149704413488507,0.0017723330711305607
BACE,50,0.08368713408708572,0.6479308530688286,0.030288856476545334,0.05230885666096583
BACE,45,0.347807377576828,0.3456252384930849,0.06029266119003296,0.16181130856275558
BACE,80,0.7508286833763123,0.1387283205986023,0.11169570684432983,0.05155242085456848
BACE,97,0.675883412361145,0.6758549141304684,0.0160444974899292,0.17451193928718567
BACE,77,0.3649601340293884,0.029238015413284302,0.04146894812583923,0.10851629227399825
BACE,156,0.9917519688606262,0.09569138288497925,0.000538945198059082,0.0036452144384384157
BACE,77,0.5500013828277588,0.513151254504919,0.20574069023132324,0.15361088439822196
BACE,58,9.233214950654656e-05,0.01751721381151583,6.1625505622942e-05,0.0001359450243853644
BACE,100,0.2219509780406952,0.34045109152793884,0.00812879204750061,0.12075204746797681
BACE,79,0.7966748476028442,0.7614080794155598,8.976459503173828e-05,0.06592347919940948
BACE,79,0.9133493900299072,0.2100326418876648,0.0036347508430480957,0.02704918086528778
BACE,163,0.9352145791053772,0.016990959644317627,0.0009176731109619141,0.020111244916915894
BACE,90,0.8438804745674133,0.10849541425704956,0.008883535861968994,0.05298827886581421
BACE,97,0.0182911716401577,0.5869422592222691,0.004734794609248638,0.016879179736133666
BACE,72,0.20735237002372742,0.011614888906478882,0.19675632193684578,0.0736789295449853
BACE,45,0.2660016119480133,0.26599019172772387,0.027406886219978333,0.1276771815493703
BACE,46,0.12865571677684784,0.10810388997197151,0.021438859403133392,0.04697877746075392
BACE,86,0.04463193565607071,0.5953472480177879,0.010709207504987717,0.021771731693297623
BACE,82,0.6092291474342346,0.6042242115363479,0.15122544765472412,0.11272743418812751
BACE,138,0.9586296677589417,0.20435315370559692,0.0035018324851989746,0.017453542351722716
BACE,87,0.6030686497688293,0.5830670166760683,0.05030864477157593,0.11584694758057594
BACE,68,0.0066040209494531155,0.47437756741419435,0.001386954914778471,0.010389528353698552
BACE,142,0.9463030099868774,0.35686981678009033,0.0027884244918823242,0.010073623061180115
BACE,90,0.6721436381340027,0.47983425855636597,0.018860280513763428,0.06705243587493896
BACE,150,0.9552342295646667,0.31895118951797485,0.0019875168800354004,0.01291968822479248
BACE,49,0.2691492736339569,0.41819265484809875,0.2030867040157318,0.13673725561238825
BACE,73,0.060958441346883774,0.6292764581739902,0.024640019983053207,0.041369828209280965
BACE,54,0.818273663520813,0.036151349544525146,0.012935996055603027,0.014827364683151245
BACE,94,0.5709661245346069,0.5709459090030577,0.03825420141220093,0.20244853757321835
BACE,105,0.8527675867080688,0.15587735176086426,0.026708543300628662,0.04009906351566315
BACE,82,0.5304686427116394,0.47920943051576614,0.14092779159545898,0.1428478755056858
BACE,88,0.37155023217201233,0.25246618688106537,0.0496269166469574,0.22678899480961262
BACE,85,0.6502600908279419,0.041924238204956055,0.12028700113296509,0.09156399220228195
BACE,72,0.03814301639795303,0.30483075231313705,0.003592349588871002,0.01279254318214953
BACE,88,0.024903150275349617,0.6006380598992109,0.02427625737618655,0.012801649299217389
BACE,85,0.7462190985679626,0.7226418908685446,0.06311815977096558,0.04614096581935882
BACE,82,0.6061084866523743,0.5847968775779009,0.19130200147628784,0.11391728073358535
BACE,79,0.4959828555583954,0.45022549107670784,0.1460862159729004,0.13377067409455776
BACE,80,0.4073481857776642,0.33633486926555634,0.20756837725639343,0.14269587863236666
BACE,74,0.17630022764205933,0.6445351839065552,0.020666345953941345,0.08913256684318185
BACE,53,0.3128294050693512,0.19330978393554688,0.30363669991493225,0.1177689965814352
BACE,70,0.010443967767059803,0.20416899304836988,0.003357913810759783,0.005783997126854956
BACE,72,0.902661919593811,0.6722688674926758,0.0022478103637695312,0.03150207102298737
BACE,109,0.6505163908004761,0.6494082920253277,0.01808476448059082,0.2955046031624079
BACE,71,0.4183094799518585,0.3161734864115715,0.11698636412620544,0.16466286033391953
BACE,61,0.02157355472445488,0.6395797021687031,0.004575667902827263,0.012169934732264664
BACE,89,0.6946204900741577,0.14051097631454468,0.01016777753829956,0.08530006110668183
BACE,85,0.797269344329834,0.12491512298583984,0.011526107788085938,0.07492045164108277
BACE,88,0.6914867162704468,0.1101645827293396,0.009654998779296875,0.1031328096985817
BACE,88,0.8571305274963379,0.10539752244949341,0.008105099201202393,0.04609421193599701
BACE,85,0.8652405738830566,0.4941665828227997,0.007444798946380615,0.07281473577022553
BACE,93,0.01960708387196064,0.6287931632250547,0.0042188288643956184,0.03846609907632228
BACE,83,0.8400764465332031,0.7645264938473701,0.2387745976448059,0.0779579073190689
BACE,62,0.9137841463088989,0.17697405815124512,0.01010584831237793,0.00963393747806549
BACE,88,0.40468767285346985,0.144478440284729,0.11241835355758667,0.1522829007357359
BACE,65,0.6568177342414856,0.08224356174468994,0.019207119941711426,0.14173763580620288
