dataset,split,part,n,mean_max_sim,median_max_sim,frac_below_0.4
BBBP,scaffold,valid,193,0.47182016598831544,0.4838709677419355,0.39378238341968913
BBBP,scaffold,test,183,0.41518741120071884,0.3835616438356164,0.5409836065573771
BBBP,random,valid,193,0.5326449355989449,0.49295774647887325,0.30569948186528495
BBBP,random,test,183,0.576001069072431,0.6029411764705882,0.22950819672131148
BACE,scaffold,valid,150,0.7671092063539681,0.7599921630094044,0.0
BACE,scaffold,test,151,0.564934368226563,0.5813953488372093,0.23178807947019867
BACE,random,valid,150,0.7865369772446517,0.8141870684243566,0.006666666666666667
BACE,random,test,151,0.7929740090228384,0.8085106382978723,0.019867549668874173
ClinTox,scaffold,valid,144,0.4051241924851115,0.3702236719478099,0.5347222222222222
ClinTox,scaffold,test,144,0.3593575478690653,0.3148148148148148,0.6736111111111112
ClinTox,random,valid,144,0.4820154465325099,0.49029488615154904,0.4027777777777778
ClinTox,random,test,144,0.4831517148900871,0.4512966476913346,0.4097222222222222
Tox21,scaffold,valid,563,0.4153564497469604,0.37777777777777777,0.5541740674955595
Tox21,scaffold,test,563,0.4056781559634845,0.3770491803278688,0.5523978685612788
Tox21,random,valid,563,0.5689261189493141,0.5573770491803278,0.19715808170515098
Tox21,random,test,563,0.5715886794050185,0.5609756097560976,0.20959147424511546
